MK105444.1	NODE_77310_length_1569_cov_17.249660	82.353	170	30	0	1	510	1532	1023	1.81e-84	313
MK105444.1	NODE_77310_length_1569_cov_17.249660	67.213	122	40	0	566	201	967	1332	6.73e-52	186
MK105444.1	NODE_77310_length_1569_cov_17.249660	82.609	23	4	0	149	81	1384	1452	6.73e-52	38.6
MK105444.1	NODE_77310_length_1569_cov_17.249660	41.011	178	105	0	534	1	999	1532	2.68e-25	116
MK105444.1	NODE_77310_length_1569_cov_17.249660	38.415	164	101	0	3	494	1530	1039	3.43e-24	112
MK105444.1	NODE_77310_length_1569_cov_17.249660	44.086	93	52	0	280	2	1253	1531	2.69e-09	63.4
MK105444.1	NODE_77310_length_1569_cov_17.249660	48.571	70	36	0	65	274	1468	1259	0.002	44.1
MK105444.1	NODE_528_length_20880_cov_4614.317598	93.243	148	10	0	1	444	20435	20878	3.70e-81	302
MK105444.1	NODE_528_length_20880_cov_4614.317598	80.247	81	16	0	443	201	20877	20635	1.08e-50	162
MK105444.1	NODE_528_length_20880_cov_4614.317598	91.304	23	2	0	149	81	20583	20515	1.08e-50	45.1
MK105444.1	NODE_528_length_20880_cov_4614.317598	57.692	26	11	0	78	1	20512	20435	1.08e-50	32.2
MK105444.1	NODE_528_length_20880_cov_4614.317598	80.822	73	14	0	566	348	1370	1152	7.15e-45	138
MK105444.1	NODE_528_length_20880_cov_4614.317598	84.375	32	5	0	347	252	97	2	7.15e-45	69.8
MK105444.1	NODE_528_length_20880_cov_4614.317598	45.578	147	80	0	3	443	20437	20877	4.02e-34	145
MK105444.1	NODE_528_length_20880_cov_4614.317598	88.889	54	6	0	349	510	1153	1314	5.47e-33	117
MK105444.1	NODE_528_length_20880_cov_4614.317598	82.051	39	7	0	253	369	3	119	5.47e-33	51.0
MK105444.1	NODE_528_length_20880_cov_4614.317598	52.212	113	54	0	441	103	20875	20537	1.82e-20	100
MK105444.1	NODE_528_length_20880_cov_4614.317598	46.259	147	79	0	442	2	20876	20436	1.68e-19	97.3
MK105444.1	NODE_528_length_20880_cov_4614.317598	54.167	72	33	0	564	349	1368	1153	2.05e-11	68.9
MK105444.1	NODE_528_length_20880_cov_4614.317598	52.941	34	16	0	357	256	107	6	2.05e-11	26.7
MK105444.1	NODE_528_length_20880_cov_4614.317598	44.828	58	32	0	348	521	1152	1325	1.31e-10	55.6
MK105444.1	NODE_528_length_20880_cov_4614.317598	45.714	35	19	0	255	359	5	109	1.31e-10	37.3
MK105444.1	NODE_528_length_20880_cov_4614.317598	52.055	73	35	0	56	274	20490	20708	3.72e-05	49.6
MK105444.1	NODE_528_length_20880_cov_4614.317598	48.276	58	30	0	350	523	1154	1327	0.003	43.2
MK105444.1	NODE_528_length_20880_cov_4614.317598	42.623	61	35	0	520	338	1324	1142	3.4	33.1
MK105444.1	NODE_382_length_23212_cov_376.490893	62.338	77	29	0	103	333	18626	18856	6.30e-50	100
MK105444.1	NODE_382_length_23212_cov_376.490893	61.538	52	20	0	355	510	18890	19045	6.30e-50	77.6
MK105444.1	NODE_382_length_23212_cov_376.490893	52.778	36	17	0	1	108	18521	18628	6.30e-50	45.1
MK105444.1	NODE_382_length_23212_cov_376.490893	64.286	14	5	0	325	366	18863	18904	6.30e-50	31.3
MK105444.1	NODE_382_length_23212_cov_376.490893	50.704	71	35	0	566	354	19101	18889	1.30e-21	72.5
MK105444.1	NODE_382_length_23212_cov_376.490893	53.488	43	20	0	332	204	18855	18727	1.30e-21	51.0
MK105444.1	NODE_108272_length_1077_cov_15.187117	70.000	60	18	0	331	510	1	180	7.54e-22	105
MK105444.1	NODE_108272_length_1077_cov_15.187117	64.583	48	17	0	476	333	146	3	3.69e-09	62.9
MK105444.1	NODE_108272_length_1077_cov_15.187117	40.625	64	38	0	528	337	198	7	0.002	44.1
MK105444.1	NODE_108272_length_1077_cov_15.187117	35.065	77	50	0	336	566	6	236	0.075	38.6
MK105444.1	NODE_642_length_19755_cov_9.035714	50.000	22	11	0	154	219	14690	14755	0.70	35.4
MK105444.1	NODE_122_length_33559_cov_5.705947	50.000	26	13	0	525	448	13975	14052	0.96	35.0
MK105444.1	NODE_45011_length_2563_cov_9.689123	29.545	44	31	0	123	254	2031	2162	1.8	34.1
MK105444.1	NODE_5270_length_8908_cov_13.491429	36.111	36	23	0	132	239	6744	6637	1.8	34.1
MK105444.1	NODE_88072_length_1365_cov_7.244866	42.857	28	16	0	129	212	976	1059	2.5	33.6
MK105444.1	NODE_6403_length_8183_cov_7.815562	42.857	28	16	0	129	212	5623	5706	4.7	32.7
MK105444.1	NODE_20_length_52963_cov_27.609772	68.750	16	5	0	201	154	4765	4718	4.7	32.7
MK105444.1	NODE_69328_length_1750_cov_8.674137	47.059	17	9	0	18	68	1012	962	8.9	25.4
MK105444.1	NODE_69328_length_1750_cov_8.674137	27.586	29	21	0	73	159	846	760	8.9	23.5
MK105444.1	NODE_45849_length_2526_cov_13.177173	40.000	25	15	0	97	171	2076	2002	8.9	31.8
MK105444.1	NODE_27358_length_3695_cov_14.546162	53.333	15	7	0	405	361	3266	3222	8.9	31.8
MK105444.1	NODE_36897_length_2988_cov_6.312565	38.462	26	16	0	78	155	604	681	9.0	28.6
MK105444.1	NODE_36897_length_2988_cov_6.312565	50.000	16	8	0	288	335	1228	1275	9.0	24.0
MK105443.1	NODE_77310_length_1569_cov_17.249660	82.456	171	30	0	2	514	1535	1023	1.44e-85	316
MK105443.1	NODE_77310_length_1569_cov_17.249660	66.667	123	41	0	573	205	964	1332	3.66e-52	187
MK105443.1	NODE_77310_length_1569_cov_17.249660	82.609	23	4	0	153	85	1384	1452	3.66e-52	38.6
MK105443.1	NODE_77310_length_1569_cov_17.249660	41.341	179	105	0	538	2	999	1535	5.60e-26	118
MK105443.1	NODE_77310_length_1569_cov_17.249660	39.157	166	101	0	1	498	1536	1039	7.06e-25	115
MK105443.1	NODE_77310_length_1569_cov_17.249660	44.681	94	52	0	284	3	1253	1534	2.97e-10	66.6
MK105443.1	NODE_77310_length_1569_cov_17.249660	48.571	70	36	0	69	278	1468	1259	0.002	44.1
MK105443.1	NODE_528_length_20880_cov_4614.317598	93.289	149	10	0	2	448	20432	20878	2.94e-82	305
MK105443.1	NODE_528_length_20880_cov_4614.317598	80.247	81	16	0	447	205	20877	20635	2.29e-51	162
MK105443.1	NODE_528_length_20880_cov_4614.317598	91.304	23	2	0	153	85	20583	20515	2.29e-51	45.1
MK105443.1	NODE_528_length_20880_cov_4614.317598	59.259	27	11	0	82	2	20512	20432	2.29e-51	34.5
MK105443.1	NODE_528_length_20880_cov_4614.317598	80.822	73	14	0	570	352	1370	1152	7.36e-45	138
MK105443.1	NODE_528_length_20880_cov_4614.317598	84.375	32	5	0	351	256	97	2	7.36e-45	69.8
MK105443.1	NODE_528_length_20880_cov_4614.317598	46.309	149	80	0	1	447	20431	20877	8.27e-35	148
MK105443.1	NODE_528_length_20880_cov_4614.317598	88.889	54	6	0	353	514	1153	1314	5.55e-33	117
MK105443.1	NODE_528_length_20880_cov_4614.317598	82.051	39	7	0	257	373	3	119	5.55e-33	51.0
MK105443.1	NODE_528_length_20880_cov_4614.317598	46.622	148	79	0	446	3	20876	20433	1.84e-20	100
MK105443.1	NODE_528_length_20880_cov_4614.317598	52.212	113	54	0	445	107	20875	20537	1.84e-20	100
MK105443.1	NODE_528_length_20880_cov_4614.317598	54.167	72	33	0	568	353	1368	1153	2.11e-11	68.9
MK105443.1	NODE_528_length_20880_cov_4614.317598	52.941	34	16	0	361	260	107	6	2.11e-11	26.7
MK105443.1	NODE_528_length_20880_cov_4614.317598	44.828	58	32	0	352	525	1152	1325	1.33e-10	55.6
MK105443.1	NODE_528_length_20880_cov_4614.317598	45.714	35	19	0	259	363	5	109	1.33e-10	37.3
MK105443.1	NODE_528_length_20880_cov_4614.317598	52.055	73	35	0	60	278	20490	20708	3.74e-05	49.6
MK105443.1	NODE_528_length_20880_cov_4614.317598	48.276	58	30	0	354	527	1154	1327	0.003	43.2
MK105443.1	NODE_528_length_20880_cov_4614.317598	42.623	61	35	0	524	342	1324	1142	3.5	33.1
MK105443.1	NODE_382_length_23212_cov_376.490893	62.338	77	29	0	107	337	18626	18856	5.32e-51	100
MK105443.1	NODE_382_length_23212_cov_376.490893	61.538	52	20	0	359	514	18890	19045	5.32e-51	77.6
MK105443.1	NODE_382_length_23212_cov_376.490893	54.054	37	17	0	2	112	18518	18628	5.32e-51	48.7
MK105443.1	NODE_382_length_23212_cov_376.490893	64.286	14	5	0	329	370	18863	18904	5.32e-51	31.3
MK105443.1	NODE_382_length_23212_cov_376.490893	51.389	72	35	0	573	358	19104	18889	2.79e-22	74.8
MK105443.1	NODE_382_length_23212_cov_376.490893	53.488	43	20	0	336	208	18855	18727	2.79e-22	51.0
MK105443.1	NODE_108272_length_1077_cov_15.187117	70.000	60	18	0	335	514	1	180	7.70e-22	105
MK105443.1	NODE_108272_length_1077_cov_15.187117	64.583	48	17	0	480	337	146	3	3.77e-09	62.9
MK105443.1	NODE_108272_length_1077_cov_15.187117	40.625	64	38	0	532	341	198	7	0.002	44.1
MK105443.1	NODE_108272_length_1077_cov_15.187117	34.615	78	51	0	340	573	6	239	0.056	39.1
MK105443.1	NODE_642_length_19755_cov_9.035714	50.000	22	11	0	158	223	14690	14755	0.71	35.4
MK105443.1	NODE_122_length_33559_cov_5.705947	50.000	26	13	0	529	452	13975	14052	0.98	35.0
MK105443.1	NODE_45011_length_2563_cov_9.689123	29.545	44	31	0	127	258	2031	2162	1.8	34.1
MK105443.1	NODE_5270_length_8908_cov_13.491429	36.111	36	23	0	136	243	6744	6637	1.8	34.1
MK105443.1	NODE_88072_length_1365_cov_7.244866	42.857	28	16	0	133	216	976	1059	2.5	33.6
MK105443.1	NODE_6403_length_8183_cov_7.815562	42.857	28	16	0	133	216	5623	5706	4.8	32.7
MK105443.1	NODE_20_length_52963_cov_27.609772	68.750	16	5	0	205	158	4765	4718	4.8	32.7
MK105443.1	NODE_69328_length_1750_cov_8.674137	47.059	17	9	0	22	72	1012	962	9.0	25.4
MK105443.1	NODE_69328_length_1750_cov_8.674137	27.586	29	21	0	77	163	846	760	9.0	23.5
MK105443.1	NODE_45849_length_2526_cov_13.177173	40.000	25	15	0	101	175	2076	2002	9.0	31.8
MK105443.1	NODE_27358_length_3695_cov_14.546162	53.333	15	7	0	409	365	3266	3222	9.0	31.8
MK105443.1	NODE_36897_length_2988_cov_6.312565	38.462	26	16	0	82	159	604	681	9.4	28.6
MK105443.1	NODE_36897_length_2988_cov_6.312565	50.000	16	8	0	292	339	1228	1275	9.4	24.0
MK105445.1	NODE_77310_length_1569_cov_17.249660	82.278	158	28	0	6	479	1496	1023	4.72e-77	288
MK105445.1	NODE_77310_length_1569_cov_17.249660	66.667	123	41	0	538	170	964	1332	2.77e-60	187
MK105445.1	NODE_77310_length_1569_cov_17.249660	83.784	37	6	0	118	8	1384	1494	2.77e-60	65.7
MK105445.1	NODE_77310_length_1569_cov_17.249660	40.964	166	98	0	503	6	999	1496	1.56e-23	110
MK105445.1	NODE_77310_length_1569_cov_17.249660	38.816	152	93	0	8	463	1494	1039	9.68e-22	104
MK105445.1	NODE_77310_length_1569_cov_17.249660	45.679	81	44	0	249	7	1253	1495	6.01e-08	58.8
MK105445.1	NODE_77310_length_1569_cov_17.249660	48.571	70	36	0	34	243	1468	1259	0.002	44.1
MK105445.1	NODE_528_length_20880_cov_4614.317598	93.382	136	9	0	6	413	20471	20878	2.50e-73	275
MK105445.1	NODE_528_length_20880_cov_4614.317598	80.247	81	16	0	412	170	20877	20635	4.81e-56	162
MK105445.1	NODE_528_length_20880_cov_4614.317598	92.105	38	3	0	118	5	20583	20470	4.81e-56	76.7
MK105445.1	NODE_528_length_20880_cov_4614.317598	80.822	73	14	0	535	317	1370	1152	6.17e-45	138
MK105445.1	NODE_528_length_20880_cov_4614.317598	84.375	32	5	0	316	221	97	2	6.17e-45	69.8
MK105445.1	NODE_528_length_20880_cov_4614.317598	88.889	54	6	0	318	479	1153	1314	4.72e-33	117
MK105445.1	NODE_528_length_20880_cov_4614.317598	82.051	39	7	0	222	338	3	119	4.72e-33	51.0
MK105445.1	NODE_528_length_20880_cov_4614.317598	45.588	136	74	0	5	412	20470	20877	7.62e-31	134
MK105445.1	NODE_528_length_20880_cov_4614.317598	52.212	113	54	0	410	72	20875	20537	1.37e-22	100
MK105445.1	NODE_528_length_20880_cov_4614.317598	71.429	14	4	0	47	6	20512	20471	1.37e-22	26.3
MK105445.1	NODE_528_length_20880_cov_4614.317598	46.667	135	72	0	411	7	20876	20472	1.33e-17	90.9
MK105445.1	NODE_528_length_20880_cov_4614.317598	54.167	72	33	0	533	318	1368	1153	1.77e-11	68.9
MK105445.1	NODE_528_length_20880_cov_4614.317598	52.941	34	16	0	326	225	107	6	1.77e-11	26.7
MK105445.1	NODE_528_length_20880_cov_4614.317598	44.828	58	32	0	317	490	1152	1325	1.13e-10	55.6
MK105445.1	NODE_528_length_20880_cov_4614.317598	45.714	35	19	0	224	328	5	109	1.13e-10	37.3
MK105445.1	NODE_528_length_20880_cov_4614.317598	53.165	79	37	0	7	243	20472	20708	1.44e-06	54.2
MK105445.1	NODE_528_length_20880_cov_4614.317598	48.276	58	30	0	319	492	1154	1327	0.003	43.2
MK105445.1	NODE_528_length_20880_cov_4614.317598	42.623	61	35	0	489	307	1324	1142	3.2	33.1
MK105445.1	NODE_382_length_23212_cov_376.490893	62.338	77	29	0	72	302	18626	18856	6.63e-42	100
MK105445.1	NODE_382_length_23212_cov_376.490893	61.538	52	20	0	324	479	18890	19045	6.63e-42	77.6
MK105445.1	NODE_382_length_23212_cov_376.490893	64.286	14	5	0	294	335	18863	18904	6.63e-42	31.3
MK105445.1	NODE_382_length_23212_cov_376.490893	51.389	72	35	0	538	323	19104	18889	2.56e-22	74.8
MK105445.1	NODE_382_length_23212_cov_376.490893	53.488	43	20	0	301	173	18855	18727	2.56e-22	51.0
MK105445.1	NODE_108272_length_1077_cov_15.187117	70.000	60	18	0	300	479	1	180	7.04e-22	105
MK105445.1	NODE_108272_length_1077_cov_15.187117	64.583	48	17	0	445	302	146	3	3.45e-09	62.9
MK105445.1	NODE_108272_length_1077_cov_15.187117	40.625	64	38	0	497	306	198	7	0.002	44.1
MK105445.1	NODE_108272_length_1077_cov_15.187117	34.615	78	51	0	305	538	6	239	0.051	39.1
MK105445.1	NODE_642_length_19755_cov_9.035714	50.000	22	11	0	123	188	14690	14755	0.65	35.4
MK105445.1	NODE_122_length_33559_cov_5.705947	50.000	26	13	0	494	417	13975	14052	0.89	35.0
MK105445.1	NODE_45011_length_2563_cov_9.689123	29.545	44	31	0	92	223	2031	2162	1.7	34.1
MK105445.1	NODE_5270_length_8908_cov_13.491429	36.111	36	23	0	101	208	6744	6637	1.7	34.1
MK105445.1	NODE_88072_length_1365_cov_7.244866	42.857	28	16	0	98	181	976	1059	2.3	33.6
MK105445.1	NODE_6403_length_8183_cov_7.815562	42.857	28	16	0	98	181	5623	5706	4.4	32.7
MK105445.1	NODE_20_length_52963_cov_27.609772	68.750	16	5	0	170	123	4765	4718	4.4	32.7
MK105445.1	NODE_36897_length_2988_cov_6.312565	38.462	26	16	0	47	124	604	681	8.0	28.6
MK105445.1	NODE_36897_length_2988_cov_6.312565	50.000	16	8	0	257	304	1228	1275	8.0	24.0
MK105445.1	NODE_45849_length_2526_cov_13.177173	40.000	25	15	0	66	140	2076	2002	8.3	31.8
MK105445.1	NODE_27358_length_3695_cov_14.546162	53.333	15	7	0	374	330	3266	3222	8.3	31.8
MK105445.1	NODE_2534_length_12071_cov_28.875543	47.059	17	9	0	98	148	10380	10430	9.6	25.8
MK105445.1	NODE_2534_length_12071_cov_28.875543	50.000	10	5	0	143	172	10478	10507	9.6	22.6
AJ704977.1	NODE_77310_length_1569_cov_17.249660	82.143	168	30	0	3	506	1508	1005	1.53e-96	299
AJ704977.1	NODE_77310_length_1569_cov_17.249660	93.333	30	2	0	558	647	953	864	1.53e-96	75.3
AJ704977.1	NODE_77310_length_1569_cov_17.249660	73.709	213	56	0	646	8	865	1503	1.83e-90	333
AJ704977.1	NODE_77310_length_1569_cov_17.249660	48.611	72	37	0	8	223	1503	1288	3.78e-30	71.2
AJ704977.1	NODE_77310_length_1569_cov_17.249660	41.429	70	41	0	437	646	1074	865	3.78e-30	57.4
AJ704977.1	NODE_77310_length_1569_cov_17.249660	48.837	43	22	0	245	373	1266	1138	3.78e-30	41.8
AJ704977.1	NODE_77310_length_1569_cov_17.249660	50.000	78	39	0	647	414	864	1097	4.93e-25	67.0
AJ704977.1	NODE_77310_length_1569_cov_17.249660	50.725	69	34	0	374	168	1137	1343	4.93e-25	55.1
AJ704977.1	NODE_77310_length_1569_cov_17.249660	52.500	40	19	0	125	6	1386	1505	4.93e-25	30.9
AJ704977.1	NODE_77310_length_1569_cov_17.249660	47.170	53	28	0	330	172	1181	1339	1.14e-04	48.3
AJ704977.1	NODE_77310_length_1569_cov_17.249660	48.611	72	37	0	37	252	1474	1259	0.17	37.7
AJ704977.1	NODE_528_length_20880_cov_4614.317598	91.429	140	12	0	3	422	20459	20878	8.98e-74	277
AJ704977.1	NODE_528_length_20880_cov_4614.317598	81.132	106	20	0	646	329	1472	1155	1.06e-61	195
AJ704977.1	NODE_528_length_20880_cov_4614.317598	84.375	32	5	0	325	230	97	2	1.06e-61	69.8
AJ704977.1	NODE_528_length_20880_cov_4614.317598	78.014	141	31	0	424	2	20880	20458	6.54e-58	225
AJ704977.1	NODE_528_length_20880_cov_4614.317598	85.000	60	9	0	327	506	1153	1332	4.38e-49	116
AJ704977.1	NODE_528_length_20880_cov_4614.317598	100.000	30	0	0	558	647	1384	1473	4.38e-49	77.6
AJ704977.1	NODE_528_length_20880_cov_4614.317598	80.488	41	8	0	231	353	3	125	4.38e-49	52.4
AJ704977.1	NODE_528_length_20880_cov_4614.317598	51.587	126	61	0	2	379	20458	20835	4.77e-34	145
AJ704977.1	NODE_528_length_20880_cov_4614.317598	63.077	65	24	0	452	646	1278	1472	2.14e-24	101
AJ704977.1	NODE_528_length_20880_cov_4614.317598	54.839	31	14	0	230	322	2	94	2.14e-24	38.2
AJ704977.1	NODE_528_length_20880_cov_4614.317598	68.293	41	13	0	125	3	20581	20459	4.10e-16	52.8
AJ704977.1	NODE_528_length_20880_cov_4614.317598	58.824	51	21	0	320	168	20776	20624	4.10e-16	52.4
AJ704977.1	NODE_528_length_20880_cov_4614.317598	58.824	51	21	0	566	414	1392	1240	2.34e-14	61.1
AJ704977.1	NODE_528_length_20880_cov_4614.317598	62.500	32	12	0	642	547	1468	1373	2.34e-14	38.2
AJ704977.1	NODE_528_length_20880_cov_4614.317598	64.384	73	26	0	34	252	20490	20708	8.09e-14	71.2
AJ704977.1	NODE_528_length_20880_cov_4614.317598	44.118	34	19	0	295	396	20751	20852	8.09e-14	26.3
AJ704977.1	NODE_528_length_20880_cov_4614.317598	55.102	49	22	0	321	175	20777	20631	6.44e-10	50.1
AJ704977.1	NODE_528_length_20880_cov_4614.317598	63.415	41	15	0	126	4	20582	20460	6.44e-10	34.1
AJ704977.1	NODE_382_length_23212_cov_376.490893	64.935	77	27	0	81	311	18626	18856	4.84e-59	101
AJ704977.1	NODE_382_length_23212_cov_376.490893	73.469	49	13	0	360	506	18917	19063	4.84e-59	88.1
AJ704977.1	NODE_382_length_23212_cov_376.490893	83.333	30	5	0	558	647	19115	19204	4.84e-59	63.8
AJ704977.1	NODE_382_length_23212_cov_376.490893	76.923	13	3	0	303	341	18863	18901	4.84e-59	32.2
AJ704977.1	NODE_382_length_23212_cov_376.490893	59.375	96	39	0	646	359	19203	18916	7.81e-44	130
AJ704977.1	NODE_382_length_23212_cov_376.490893	52.083	48	23	0	310	167	18855	18712	7.81e-44	57.0
AJ704977.1	NODE_382_length_23212_cov_376.490893	60.000	15	6	0	346	302	18906	18862	7.81e-44	29.0
AJ704977.1	NODE_382_length_23212_cov_376.490893	35.897	39	25	0	107	223	18652	18768	0.019	37.3
AJ704977.1	NODE_382_length_23212_cov_376.490893	47.826	23	12	0	437	505	18994	19062	0.019	28.1
AJ704977.1	NODE_108272_length_1077_cov_15.187117	71.212	66	19	0	309	506	1	198	1.47e-41	115
AJ704977.1	NODE_108272_length_1077_cov_15.187117	93.333	30	2	0	558	647	250	339	1.47e-41	75.3
AJ704977.1	NODE_108272_length_1077_cov_15.187117	64.151	53	19	0	643	485	335	177	1.69e-30	79.9
AJ704977.1	NODE_108272_length_1077_cov_15.187117	70.833	48	14	0	454	311	146	3	1.69e-30	73.9
AJ704977.1	NODE_108272_length_1077_cov_15.187117	41.860	43	25	0	485	613	177	305	0.037	32.7
AJ704977.1	NODE_108272_length_1077_cov_15.187117	47.826	23	12	0	311	379	3	71	0.037	24.9
AJ704977.1	NODE_64316_length_1878_cov_2.352445	93.333	30	2	0	558	647	1319	1408	8.33e-13	75.3
AJ704977.1	NODE_64316_length_1878_cov_2.352445	70.000	30	9	0	643	554	1404	1315	6.06e-05	49.2
AJ704977.1	NODE_20962_length_4368_cov_9.362146	46.429	28	15	0	497	414	3306	3223	1.6	34.5
AJ704977.1	NODE_12126_length_6001_cov_9.391732	31.250	32	22	0	110	205	1601	1696	2.2	34.1
AJ704977.1	NODE_119670_length_956_cov_5.530922	37.143	35	22	0	57	161	546	442	4.1	33.1
AJ704977.1	NODE_56053_length_2132_cov_6.818987	32.000	25	17	0	134	208	161	87	4.1	33.1
AJ704977.1	NODE_289_length_25680_cov_10.272351	47.619	21	11	0	155	217	13141	13203	4.1	33.1
AJ704977.1	NODE_1266_length_15654_cov_6.169463	43.750	16	9	0	341	294	850	897	6.6	24.9
AJ704977.1	NODE_1266_length_15654_cov_6.169463	40.000	20	12	0	473	414	735	794	6.6	24.4
AJ704977.1	NODE_52605_length_2252_cov_5.404552	50.000	24	12	0	337	266	921	850	7.7	32.2
AJ704977.1	NODE_9172_length_6879_cov_18.262242	63.158	19	7	0	14	70	2804	2860	7.7	32.2
AJ704977.1	NODE_2725_length_11750_cov_7.015106	50.000	14	7	0	167	208	1090	1131	9.0	26.3
AJ704977.1	NODE_2725_length_11750_cov_7.015106	55.556	9	4	0	152	178	1072	1098	9.0	22.6
AJ704976.1	NODE_77310_length_1569_cov_17.249660	86.585	82	11	0	3	248	1508	1263	2.64e-93	173
AJ704976.1	NODE_77310_length_1569_cov_17.249660	78.873	71	15	0	294	506	1217	1005	2.64e-93	133
AJ704976.1	NODE_77310_length_1569_cov_17.249660	93.333	30	2	0	558	647	953	864	2.64e-93	75.3
AJ704976.1	NODE_77310_length_1569_cov_17.249660	73.239	213	57	0	646	8	865	1503	4.39e-89	328
AJ704976.1	NODE_77310_length_1569_cov_17.249660	43.443	122	69	0	8	373	1503	1138	2.08e-32	102
AJ704976.1	NODE_77310_length_1569_cov_17.249660	41.429	70	41	0	437	646	1074	865	2.08e-32	57.4
AJ704976.1	NODE_77310_length_1569_cov_17.249660	50.000	78	39	0	647	414	864	1097	1.75e-22	67.0
AJ704976.1	NODE_77310_length_1569_cov_17.249660	44.928	69	38	0	374	168	1137	1343	1.75e-22	46.4
AJ704976.1	NODE_77310_length_1569_cov_17.249660	52.500	40	19	0	125	6	1386	1505	1.75e-22	30.9
AJ704976.1	NODE_77310_length_1569_cov_17.249660	39.623	53	32	0	330	172	1181	1339	0.013	41.4
AJ704976.1	NODE_528_length_20880_cov_4614.317598	91.463	82	7	0	3	248	20459	20704	2.84e-68	180
AJ704976.1	NODE_528_length_20880_cov_4614.317598	90.909	44	4	0	291	422	20747	20878	2.84e-68	100
AJ704976.1	NODE_528_length_20880_cov_4614.317598	81.132	106	20	0	646	329	1472	1155	7.02e-61	195
AJ704976.1	NODE_528_length_20880_cov_4614.317598	81.250	32	6	0	325	230	97	2	7.02e-61	67.0
AJ704976.1	NODE_528_length_20880_cov_4614.317598	78.014	141	31	0	424	2	20880	20458	1.24e-57	224
AJ704976.1	NODE_528_length_20880_cov_4614.317598	86.667	60	8	0	327	506	1153	1332	3.11e-46	120
AJ704976.1	NODE_528_length_20880_cov_4614.317598	100.000	30	0	0	558	647	1384	1473	3.11e-46	77.6
AJ704976.1	NODE_528_length_20880_cov_4614.317598	54.839	31	14	0	230	322	2	94	3.11e-46	39.1
AJ704976.1	NODE_528_length_20880_cov_4614.317598	50.000	126	63	0	2	379	20458	20835	1.34e-34	147
AJ704976.1	NODE_528_length_20880_cov_4614.317598	63.077	65	24	0	452	646	1278	1472	1.56e-24	101
AJ704976.1	NODE_528_length_20880_cov_4614.317598	71.429	21	6	0	291	353	63	125	1.56e-24	38.6
AJ704976.1	NODE_528_length_20880_cov_4614.317598	56.164	73	32	0	566	348	1392	1174	9.04e-20	79.4
AJ704976.1	NODE_528_length_20880_cov_4614.317598	62.500	32	12	0	642	547	1468	1373	9.04e-20	38.2
AJ704976.1	NODE_528_length_20880_cov_4614.317598	68.293	41	13	0	125	3	20581	20459	4.82e-17	52.8
AJ704976.1	NODE_528_length_20880_cov_4614.317598	54.902	51	23	0	320	168	20776	20624	4.82e-17	48.3
AJ704976.1	NODE_528_length_20880_cov_4614.317598	52.174	23	11	0	416	348	20872	20804	4.82e-17	24.4
AJ704976.1	NODE_528_length_20880_cov_4614.317598	62.667	75	28	0	34	258	20490	20714	2.34e-14	73.5
AJ704976.1	NODE_528_length_20880_cov_4614.317598	42.424	33	19	0	298	396	20754	20852	2.34e-14	25.8
AJ704976.1	NODE_528_length_20880_cov_4614.317598	51.020	49	24	0	321	175	20777	20631	2.60e-08	44.6
AJ704976.1	NODE_528_length_20880_cov_4614.317598	63.415	41	15	0	126	4	20582	20460	2.60e-08	34.1
AJ704976.1	NODE_382_length_23212_cov_376.490893	67.532	77	25	0	81	311	18626	18856	3.72e-62	111
AJ704976.1	NODE_382_length_23212_cov_376.490893	73.469	49	13	0	360	506	18917	19063	3.72e-62	89.0
AJ704976.1	NODE_382_length_23212_cov_376.490893	83.333	30	5	0	558	647	19115	19204	3.72e-62	63.8
AJ704976.1	NODE_382_length_23212_cov_376.490893	76.923	13	3	0	303	341	18863	18901	3.72e-62	32.2
AJ704976.1	NODE_382_length_23212_cov_376.490893	59.375	96	39	0	646	359	19203	18916	4.13e-39	130
AJ704976.1	NODE_382_length_23212_cov_376.490893	47.917	48	25	0	310	167	18855	18712	4.13e-39	51.9
AJ704976.1	NODE_382_length_23212_cov_376.490893	32.692	52	35	0	506	351	19063	18908	2.19e-05	30.4
AJ704976.1	NODE_382_length_23212_cov_376.490893	40.000	25	15	0	346	272	18906	18832	2.19e-05	29.9
AJ704976.1	NODE_382_length_23212_cov_376.490893	50.000	18	9	0	219	166	18764	18711	2.19e-05	24.4
AJ704976.1	NODE_382_length_23212_cov_376.490893	39.474	38	23	0	107	220	18652	18765	0.014	37.7
AJ704976.1	NODE_382_length_23212_cov_376.490893	47.826	23	12	0	437	505	18994	19062	0.014	28.1
AJ704976.1	NODE_108272_length_1077_cov_15.187117	72.727	66	18	0	309	506	1	198	1.19e-42	119
AJ704976.1	NODE_108272_length_1077_cov_15.187117	93.333	30	2	0	558	647	250	339	1.19e-42	75.3
AJ704976.1	NODE_108272_length_1077_cov_15.187117	64.151	53	19	0	643	485	335	177	4.82e-31	79.9
AJ704976.1	NODE_108272_length_1077_cov_15.187117	72.917	48	13	0	454	311	146	3	4.82e-31	75.8
AJ704976.1	NODE_108272_length_1077_cov_15.187117	40.909	88	52	0	572	309	264	1	6.56e-06	52.4
AJ704976.1	NODE_108272_length_1077_cov_15.187117	41.860	43	25	0	485	613	177	305	0.037	32.7
AJ704976.1	NODE_108272_length_1077_cov_15.187117	47.826	23	12	0	311	379	3	71	0.037	24.9
AJ704976.1	NODE_64316_length_1878_cov_2.352445	93.333	30	2	0	558	647	1319	1408	8.33e-13	75.3
AJ704976.1	NODE_64316_length_1878_cov_2.352445	70.000	30	9	0	643	554	1404	1315	6.06e-05	49.2
AJ704976.1	NODE_642_length_19755_cov_9.035714	50.000	22	11	0	132	197	14690	14755	0.83	35.4
AJ704976.1	NODE_1266_length_15654_cov_6.169463	50.000	16	8	0	341	294	850	897	1.1	27.6
AJ704976.1	NODE_1266_length_15654_cov_6.169463	40.000	20	12	0	473	414	735	794	1.1	24.4
AJ704976.1	NODE_12126_length_6001_cov_9.391732	31.250	32	22	0	110	205	1601	1696	1.1	35.0
AJ704976.1	NODE_2255_length_12695_cov_8.810813	26.087	69	51	0	140	346	1982	2188	1.3	33.1
AJ704976.1	NODE_2255_length_12695_cov_8.810813	61.538	13	5	0	512	550	12373	12411	1.3	24.9
AJ704976.1	NODE_20962_length_4368_cov_9.362146	46.429	28	15	0	497	414	3306	3223	1.6	34.5
AJ704976.1	NODE_56949_length_2102_cov_20.327509	43.478	23	13	0	167	235	1938	1870	2.2	34.1
AJ704976.1	NODE_2984_length_11343_cov_12.403682	43.478	23	13	0	167	235	3216	3148	2.2	34.1
AJ704976.1	NODE_289_length_25680_cov_10.272351	44.000	25	14	0	155	229	13141	13215	2.2	34.1
AJ704976.1	NODE_16255_length_5084_cov_10.214443	44.000	25	14	0	485	411	2504	2430	3.0	33.6
AJ704976.1	NODE_119670_length_956_cov_5.530922	37.143	35	22	0	57	161	546	442	4.1	33.1
AJ704976.1	NODE_52605_length_2252_cov_5.404552	50.000	24	12	0	337	266	921	850	7.7	32.2
AJ704976.1	NODE_25718_length_3843_cov_5.831197	30.000	40	28	0	113	232	746	865	7.7	32.2
AJ704976.1	NODE_9172_length_6879_cov_18.262242	63.158	19	7	0	14	70	2804	2860	7.7	32.2
AJ704976.1	NODE_26420_length_3777_cov_6.149538	61.538	13	5	0	182	220	2221	2183	9.8	24.9
AJ704976.1	NODE_26420_length_3777_cov_6.149538	38.462	26	16	0	287	364	2124	2047	9.8	24.0
AJ704976.1	NODE_29735_length_3490_cov_7.437334	30.769	13	9	0	167	205	2904	2866	9.9	24.9
AJ704976.1	NODE_29735_length_3490_cov_7.437334	43.478	23	13	0	291	359	2844	2776	9.9	24.0
MH749402.1	NODE_382_length_23212_cov_376.490893	88.750	80	9	0	31	270	18628	18867	1.95e-96	194
MH749402.1	NODE_382_length_23212_cov_376.490893	89.231	65	7	0	286	480	18919	19113	1.95e-96	146
MH749402.1	NODE_382_length_23212_cov_376.490893	100.000	12	0	0	262	297	18875	18910	1.95e-96	35.4
MH749402.1	NODE_382_length_23212_cov_376.490893	91.667	12	1	0	1	36	18594	18629	1.95e-96	35.0
MH749402.1	NODE_382_length_23212_cov_376.490893	90.123	81	8	0	268	26	18865	18623	1.56e-91	194
MH749402.1	NODE_382_length_23212_cov_376.490893	93.443	61	4	0	478	296	19111	18929	1.56e-91	140
MH749402.1	NODE_382_length_23212_cov_376.490893	100.000	12	0	0	296	261	18909	18874	1.56e-91	33.6
MH749402.1	NODE_382_length_23212_cov_376.490893	83.333	12	2	0	36	1	18629	18594	1.56e-91	26.3
MH749402.1	NODE_382_length_23212_cov_376.490893	97.260	73	2	0	33	251	18630	18848	1.89e-87	177
MH749402.1	NODE_382_length_23212_cov_376.490893	90.769	65	6	0	285	479	18918	19112	1.89e-87	144
MH749402.1	NODE_382_length_23212_cov_376.490893	84.615	13	2	0	260	298	18873	18911	1.89e-87	32.2
MH749402.1	NODE_382_length_23212_cov_376.490893	100.000	10	0	0	2	31	18595	18624	1.89e-87	27.2
MH749402.1	NODE_382_length_23212_cov_376.490893	98.611	72	1	0	246	31	18843	18628	2.24e-80	169
MH749402.1	NODE_382_length_23212_cov_376.490893	93.548	62	4	0	480	295	19113	18928	2.24e-80	133
MH749402.1	NODE_382_length_23212_cov_376.490893	91.667	12	1	0	297	262	18910	18875	2.24e-80	28.6
MH749402.1	NODE_382_length_23212_cov_376.490893	100.000	9	0	0	29	3	18622	18596	2.24e-80	26.3
MH749402.1	NODE_382_length_23212_cov_376.490893	88.750	80	9	0	269	30	18866	18627	1.90e-73	153
MH749402.1	NODE_382_length_23212_cov_376.490893	89.231	65	7	0	479	285	19112	18918	1.90e-73	129
MH749402.1	NODE_382_length_23212_cov_376.490893	84.615	13	2	0	298	260	18911	18873	1.90e-73	25.8
MH749402.1	NODE_382_length_23212_cov_376.490893	100.000	9	0	0	28	2	18621	18595	1.90e-73	25.4
MH749402.1	NODE_382_length_23212_cov_376.490893	100.000	56	0	0	32	199	18629	18796	1.92e-65	142
MH749402.1	NODE_382_length_23212_cov_376.490893	97.826	46	1	0	293	430	18926	19063	1.92e-65	108
MH749402.1	NODE_382_length_23212_cov_376.490893	100.000	11	0	0	261	293	18874	18906	1.92e-65	31.3
MH749402.1	NODE_382_length_23212_cov_376.490893	100.000	9	0	0	3	29	18596	18622	1.92e-65	24.4
MH749402.1	NODE_77310_length_1569_cov_17.249660	67.273	55	18	0	32	196	1427	1263	3.16e-40	100
MH749402.1	NODE_77310_length_1569_cov_17.249660	78.261	46	10	0	293	430	1142	1005	3.16e-40	84.9
MH749402.1	NODE_77310_length_1569_cov_17.249660	58.730	63	26	0	480	292	955	1143	1.13e-30	82.6
MH749402.1	NODE_77310_length_1569_cov_17.249660	52.308	65	31	0	246	52	1213	1407	1.13e-30	71.2
MH749402.1	NODE_77310_length_1569_cov_17.249660	42.857	35	20	0	409	305	1026	1130	3.97e-04	33.6
MH749402.1	NODE_77310_length_1569_cov_17.249660	36.538	52	33	0	187	32	1272	1427	3.97e-04	32.7
MH749402.1	NODE_77310_length_1569_cov_17.249660	40.000	40	24	0	307	426	1128	1009	0.012	40.9
MH749402.1	NODE_528_length_20880_cov_4614.317598	70.588	51	15	0	44	196	20552	20704	1.03e-26	95.9
MH749402.1	NODE_528_length_20880_cov_4614.317598	83.333	18	3	0	293	346	20825	20878	1.03e-26	35.4
MH749402.1	NODE_528_length_20880_cov_4614.317598	70.000	10	3	0	262	291	20771	20800	1.03e-26	26.7
MH749402.1	NODE_528_length_20880_cov_4614.317598	63.492	63	23	0	480	292	1382	1194	1.70e-18	93.6
MH749402.1	NODE_528_length_20880_cov_4614.317598	80.435	46	9	0	293	430	1195	1332	5.56e-17	88.6
MH749402.1	NODE_528_length_20880_cov_4614.317598	49.231	65	33	0	246	52	20754	20560	8.98e-13	64.3
MH749402.1	NODE_528_length_20880_cov_4614.317598	57.895	19	8	0	348	292	20880	20824	8.98e-13	29.0
MH749402.1	NODE_108272_length_1077_cov_15.187117	63.043	46	17	0	293	430	61	198	2.58e-15	73.9
MH749402.1	NODE_108272_length_1077_cov_15.187117	80.000	10	2	0	262	291	7	36	2.58e-15	28.1
MH749402.1	NODE_108272_length_1077_cov_15.187117	50.000	24	12	0	480	409	248	177	0.046	31.3
MH749402.1	NODE_108272_length_1077_cov_15.187117	41.379	29	17	0	378	292	146	60	0.046	25.4
MH749402.1	NODE_38664_length_2889_cov_6.397849	30.556	36	25	0	466	359	1391	1498	1.0	34.5
MH749402.1	NODE_31497_length_3356_cov_5.299355	37.143	35	22	0	124	228	2877	2981	1.1	34.5
MH749402.1	NODE_30945_length_3399_cov_7.544242	40.000	25	15	0	451	377	771	845	1.1	31.8
MH749402.1	NODE_30945_length_3399_cov_7.544242	53.846	13	6	0	166	128	2179	2217	1.1	23.5
MH749402.1	NODE_110824_length_1048_cov_8.594310	36.585	41	26	0	192	314	1048	926	1.4	34.1
MH749402.1	NODE_1088_length_16615_cov_5.550739	55.556	18	8	0	181	128	11361	11414	2.0	33.6
MH749402.1	NODE_75_length_38053_cov_5.924514	47.619	21	11	0	190	128	21828	21890	2.0	33.6
MH749402.1	NODE_56_length_40424_cov_6.429733	42.857	28	16	0	145	228	1172	1089	2.7	33.1
MH749402.1	NODE_108412_length_1076_cov_0.415558	32.258	31	21	0	207	299	199	107	3.7	32.7
MH749402.1	NODE_24127_length_4004_cov_8.377721	47.368	19	10	0	261	317	2592	2648	3.7	32.7
MH749402.1	NODE_22299_length_4199_cov_40.110000	31.707	41	28	0	184	62	2709	2831	3.7	32.7
MH749402.1	NODE_7786_length_7462_cov_14.957898	31.429	35	24	0	199	95	3000	2896	3.7	32.7
MH749402.1	NODE_4702_length_9402_cov_21.656992	31.707	41	28	0	184	62	7422	7300	3.7	32.7
MH749402.1	NODE_41454_length_2739_cov_16.294697	41.667	24	14	0	280	351	270	199	3.8	32.7
MH749402.1	NODE_32588_length_3275_cov_8.801322	42.857	28	16	0	117	34	3150	3067	3.8	32.7
MH749402.1	NODE_30687_length_3418_cov_17.396505	34.146	41	27	0	346	468	2681	2803	3.8	32.7
MH749402.1	NODE_26423_length_3776_cov_32.635301	47.619	21	11	0	85	147	3650	3712	3.8	32.7
MH749402.1	NODE_96913_length_1227_cov_24.228723	54.545	22	10	0	424	359	727	662	4.9	27.2
MH749402.1	NODE_96913_length_1227_cov_24.228723	24.324	37	28	0	187	77	547	437	4.9	24.4
MH749402.1	NODE_1821_length_13735_cov_41.481886	37.931	29	18	0	460	374	8076	8162	5.1	32.2
MH749402.1	NODE_15322_length_5261_cov_28.013948	34.884	43	28	0	237	365	1641	1769	6.7	26.3
MH749402.1	NODE_15322_length_5261_cov_28.013948	50.000	22	11	0	385	450	1870	1935	6.7	22.6
MH749402.1	NODE_107235_length_1089_cov_22.784848	60.000	15	6	0	231	275	777	733	7.1	31.8
MH749402.1	NODE_46123_length_2516_cov_6.951593	43.478	23	13	0	399	467	1260	1192	7.1	31.8
MH749402.1	NODE_37837_length_2936_cov_9.420515	40.000	25	15	0	451	377	2133	2207	7.1	31.8
MH749402.1	NODE_5474_length_8746_cov_6.182260	60.000	15	6	0	181	137	4469	4425	7.1	31.8
MH749402.1	NODE_3151_length_11081_cov_5.713076	41.935	31	18	0	289	197	911	1003	7.1	31.8
MH749402.1	NODE_113473_length_1019_cov_1.056522	25.000	44	33	0	153	22	950	819	7.1	31.8
MH749402.1	NODE_15333_length_5260_cov_6.047665	34.615	26	17	0	460	383	5184	5107	7.2	29.5
MH749402.1	NODE_15333_length_5260_cov_6.047665	54.545	11	5	0	388	356	305	273	7.2	23.5
MH749402.1	NODE_75699_length_1604_cov_10.499003	47.368	19	10	0	366	310	1102	1158	7.2	24.4
MH749402.1	NODE_75699_length_1604_cov_10.499003	38.710	31	19	0	218	126	1204	1296	7.2	24.4
MH749402.1	NODE_1682_length_14109_cov_36.678373	61.538	13	5	0	89	127	8890	8928	8.2	25.8
MH749402.1	NODE_1682_length_14109_cov_36.678373	43.478	23	13	0	201	269	9042	9110	8.2	22.6
MH749402.1	NODE_19242_length_4598_cov_14.033563	28.205	39	28	0	184	68	168	52	8.6	28.6
MH749402.1	NODE_19242_length_4598_cov_14.033563	60.000	10	4	0	394	365	3576	3547	8.6	24.0
MH749402.1	NODE_9601_length_6725_cov_4.866133	87.500	8	1	0	36	59	3973	3996	8.8	24.4
MH749402.1	NODE_9601_length_6725_cov_4.866133	50.000	16	8	0	109	156	4084	4131	8.8	24.0
MH749402.1	NODE_15369_length_5252_cov_13.347565	37.931	29	18	0	219	305	4118	4032	9.6	29.0
MH749402.1	NODE_15369_length_5252_cov_13.347565	43.750	16	9	0	294	341	1201	1154	9.6	23.5
MH749402.1	NODE_98547_length_1204_cov_12.481448	38.462	26	16	0	154	77	866	789	9.7	31.3
MH749402.1	NODE_79127_length_1531_cov_24.877793	53.333	15	7	0	193	149	513	469	9.7	31.3
MH749402.1	NODE_53328_length_2225_cov_10.733302	38.462	26	16	0	154	77	1426	1349	9.7	31.3
MH749402.1	NODE_49352_length_2375_cov_8.445079	53.333	15	7	0	193	149	358	314	9.7	31.3
MH749402.1	NODE_24445_length_3971_cov_6.509039	34.211	38	25	0	201	314	2215	2328	9.7	31.3
MH749402.1	NODE_15769_length_5176_cov_18.229860	53.333	15	7	0	193	149	4389	4433	9.7	31.3
MH749402.1	NODE_13930_length_5558_cov_9.789339	53.333	15	7	0	193	149	5047	5091	9.7	31.3
MH749402.1	NODE_13075_length_5759_cov_5.499470	37.209	43	27	0	272	400	3302	3174	9.7	31.3
MH749402.1	NODE_108664_length_1073_cov_4.433265	31.579	38	26	0	328	441	279	392	9.8	31.3
MH749402.1	NODE_106873_length_1094_cov_7.691457	40.909	44	26	0	405	274	158	27	9.8	31.3
MH749402.1	NODE_860_length_18066_cov_4.981410	47.368	19	10	0	121	177	4842	4898	9.8	31.3
MH749402.1	NODE_7828_length_7446_cov_37.294814	38.235	34	21	0	37	138	5618	5719	9.8	29.0
MH749402.1	NODE_7828_length_7446_cov_37.294814	35.000	20	13	0	4	63	3312	3371	9.8	24.0
JX306086.1	NODE_77310_length_1569_cov_17.249660	72.358	123	34	0	3	371	1391	1023	1.31e-144	215
JX306086.1	NODE_77310_length_1569_cov_17.249660	75.862	116	28	0	600	947	791	444	1.31e-144	208
JX306086.1	NODE_77310_length_1569_cov_17.249660	82.258	62	11	0	432	617	962	777	1.31e-144	131
JX306086.1	NODE_77310_length_1569_cov_17.249660	66.292	178	60	0	571	38	823	1356	3.48e-100	249
JX306086.1	NODE_77310_length_1569_cov_17.249660	66.667	96	32	0	901	614	490	777	3.48e-100	138
JX306086.1	NODE_77310_length_1569_cov_17.249660	42.000	100	58	0	608	309	786	1085	4.69e-24	66.6
JX306086.1	NODE_77310_length_1569_cov_17.249660	48.889	45	23	0	140	6	1254	1388	4.69e-24	49.2
JX306086.1	NODE_77310_length_1569_cov_17.249660	29.032	93	66	0	947	669	444	722	4.69e-24	40.9
JX306086.1	NODE_77310_length_1569_cov_17.249660	39.286	84	51	0	2	253	1392	1141	6.73e-24	66.6
JX306086.1	NODE_77310_length_1569_cov_17.249660	42.500	80	46	0	326	565	1068	829	6.73e-24	65.7
JX306086.1	NODE_77310_length_1569_cov_17.249660	48.936	47	24	0	141	1	1253	1393	1.86e-08	47.8
JX306086.1	NODE_77310_length_1569_cov_17.249660	50.000	46	23	0	555	418	839	976	1.86e-08	35.9
JX306086.1	NODE_77310_length_1569_cov_17.249660	55.263	38	17	0	34	147	1360	1247	2.85e-05	36.8
JX306086.1	NODE_77310_length_1569_cov_17.249660	63.158	19	7	0	511	567	883	827	2.85e-05	32.7
JX306086.1	NODE_77310_length_1569_cov_17.249660	30.952	42	29	0	812	937	579	454	2.85e-05	22.1
JX306086.1	NODE_382_length_23212_cov_376.490893	75.581	172	42	0	432	947	19106	19621	6.98e-140	333
JX306086.1	NODE_382_length_23212_cov_376.490893	71.875	64	18	0	3	194	18665	18856	6.98e-140	120
JX306086.1	NODE_382_length_23212_cov_376.490893	65.217	46	16	0	234	371	18908	19045	6.98e-140	72.5
JX306086.1	NODE_382_length_23212_cov_376.490893	76.923	13	3	0	186	224	18863	18901	6.98e-140	31.8
JX306086.1	NODE_382_length_23212_cov_376.490893	56.303	119	52	0	571	215	19245	18889	2.66e-70	135
JX306086.1	NODE_382_length_23212_cov_376.490893	52.632	95	45	0	898	614	19572	19288	2.66e-70	104
JX306086.1	NODE_382_length_23212_cov_376.490893	57.812	64	27	0	193	2	18855	18664	2.66e-70	66.6
JX306086.1	NODE_382_length_23212_cov_376.490893	40.179	112	67	0	794	459	19468	19133	2.00e-37	101
JX306086.1	NODE_382_length_23212_cov_376.490893	35.714	56	36	0	404	237	19078	18911	2.00e-37	40.0
JX306086.1	NODE_382_length_23212_cov_376.490893	34.694	49	32	0	149	3	18811	18665	2.00e-37	36.8
JX306086.1	NODE_382_length_23212_cov_376.490893	43.333	30	17	0	223	134	18900	18811	2.00e-37	27.2
JX306086.1	NODE_382_length_23212_cov_376.490893	31.579	38	26	0	941	828	19615	19502	2.00e-37	24.9
JX306086.1	NODE_382_length_23212_cov_376.490893	36.923	65	41	0	511	705	19185	19379	3.26e-07	51.5
JX306086.1	NODE_382_length_23212_cov_376.490893	36.111	36	23	0	5	112	18667	18774	3.26e-07	31.8
JX306086.1	NODE_382_length_23212_cov_376.490893	31.765	85	58	0	717	463	19391	19137	0.14	38.6
JX306086.1	NODE_382_length_23212_cov_376.490893	33.846	65	43	0	491	685	19165	19359	4.8	33.6
JX306086.1	NODE_528_length_20880_cov_4614.317598	84.956	113	17	0	609	947	1555	1893	2.66e-120	223
JX306086.1	NODE_528_length_20880_cov_4614.317598	82.540	63	11	0	432	620	1375	1563	2.66e-120	137
JX306086.1	NODE_528_length_20880_cov_4614.317598	70.370	54	16	0	210	371	1153	1314	2.66e-120	89.0
JX306086.1	NODE_528_length_20880_cov_4614.317598	66.667	36	12	0	114	221	3	110	2.66e-120	62.0
JX306086.1	NODE_528_length_20880_cov_4614.317598	76.531	98	23	0	907	614	1853	1560	1.93e-84	170
JX306086.1	NODE_528_length_20880_cov_4614.317598	65.000	120	42	0	571	212	1514	1155	1.93e-84	143
JX306086.1	NODE_528_length_20880_cov_4614.317598	61.111	36	14	0	220	113	109	2	1.93e-84	48.3
JX306086.1	NODE_528_length_20880_cov_4614.317598	50.000	20	10	0	942	883	1888	1829	1.93e-84	29.9
JX306086.1	NODE_528_length_20880_cov_4614.317598	76.000	100	24	0	3	302	20576	20875	4.04e-46	186
JX306086.1	NODE_528_length_20880_cov_4614.317598	49.091	110	56	0	941	612	1887	1558	1.32e-45	114
JX306086.1	NODE_528_length_20880_cov_4614.317598	46.610	118	63	0	596	243	1539	1186	1.32e-45	90.9
JX306086.1	NODE_528_length_20880_cov_4614.317598	43.269	104	59	0	296	607	1239	1550	7.18e-42	93.2
JX306086.1	NODE_528_length_20880_cov_4614.317598	45.312	64	35	0	752	943	1698	1889	7.18e-42	71.6
JX306086.1	NODE_528_length_20880_cov_4614.317598	51.282	39	19	0	613	729	1559	1675	7.18e-42	46.0
JX306086.1	NODE_528_length_20880_cov_4614.317598	66.667	87	29	0	298	38	20871	20611	2.15e-30	134
JX306086.1	NODE_528_length_20880_cov_4614.317598	54.237	59	27	0	789	613	1735	1559	1.54e-12	51.0
JX306086.1	NODE_528_length_20880_cov_4614.317598	45.763	59	32	0	597	421	1540	1364	1.54e-12	42.8
JX306086.1	NODE_528_length_20880_cov_4614.317598	39.683	63	38	0	17	205	20590	20778	4.75e-09	59.3
JX306086.1	NODE_528_length_20880_cov_4614.317598	44.444	18	10	0	244	297	20817	20870	4.75e-09	22.6
JX306086.1	NODE_528_length_20880_cov_4614.317598	58.333	24	10	0	614	685	1560	1631	6.50e-07	38.2
JX306086.1	NODE_528_length_20880_cov_4614.317598	52.778	36	17	0	502	609	1445	1552	6.50e-07	36.3
JX306086.1	NODE_528_length_20880_cov_4614.317598	38.636	88	54	0	281	18	20854	20591	6.54e-04	46.4
JX306086.1	NODE_528_length_20880_cov_4614.317598	47.826	46	24	0	138	1	20711	20574	0.041	40.5
JX306086.1	NODE_108272_length_1077_cov_15.187117	76.744	172	40	0	432	947	241	756	6.30e-114	344
JX306086.1	NODE_108272_length_1077_cov_15.187117	63.333	60	22	0	192	371	1	180	6.30e-114	89.0
JX306086.1	NODE_108272_length_1077_cov_15.187117	50.794	126	62	0	571	194	380	3	3.54e-49	115
JX306086.1	NODE_108272_length_1077_cov_15.187117	54.839	93	42	0	898	620	707	429	3.54e-49	96.8
JX306086.1	NODE_108272_length_1077_cov_15.187117	44.444	18	10	0	939	886	748	695	3.54e-49	23.1
JX306086.1	NODE_108272_length_1077_cov_15.187117	35.955	89	57	0	578	312	387	121	5.16e-07	53.8
JX306086.1	NODE_108272_length_1077_cov_15.187117	31.395	86	59	0	323	580	132	389	5.16e-07	44.1
JX306086.1	NODE_108272_length_1077_cov_15.187117	53.571	28	13	0	857	940	666	749	5.16e-07	34.1
JX306086.1	NODE_108272_length_1077_cov_15.187117	41.935	31	18	0	941	849	750	658	5.16e-07	24.4
JX306086.1	NODE_64316_length_1878_cov_2.352445	76.923	169	39	0	441	947	1319	1825	3.43e-92	339
JX306086.1	NODE_64316_length_1878_cov_2.352445	55.914	93	41	0	898	620	1776	1498	2.21e-37	99.6
JX306086.1	NODE_64316_length_1878_cov_2.352445	68.182	44	14	0	571	440	1449	1318	2.21e-37	73.5
JX306086.1	NODE_64316_length_1878_cov_2.352445	44.444	18	10	0	939	886	1817	1764	2.21e-37	22.6
JX306086.1	NODE_64316_length_1878_cov_2.352445	87.500	32	4	0	693	788	1207	1302	2.18e-15	73.5
JX306086.1	NODE_64316_length_1878_cov_2.352445	53.571	28	13	0	857	940	1735	1818	2.18e-15	34.1
JX306086.1	NODE_64316_length_1878_cov_2.352445	31.304	115	79	0	791	447	1669	1325	4.11e-12	67.5
JX306086.1	NODE_64316_length_1878_cov_2.352445	41.935	31	18	0	941	849	1819	1727	4.11e-12	24.9
JX306086.1	NODE_64316_length_1878_cov_2.352445	76.667	30	7	0	790	701	1304	1215	8.95e-04	46.0
JX306086.1	NODE_101853_length_1158_cov_526.040604	100.000	32	0	0	690	785	1061	1156	3.81e-24	79.0
JX306086.1	NODE_101853_length_1158_cov_526.040604	92.000	25	2	0	609	683	18	92	3.81e-24	57.4
JX306086.1	NODE_101853_length_1158_cov_526.040604	90.625	32	3	0	787	692	1158	1063	6.78e-18	62.9
JX306086.1	NODE_101853_length_1158_cov_526.040604	80.000	25	5	0	688	614	97	23	6.78e-18	52.4
JX306086.1	NODE_101853_length_1158_cov_526.040604	53.125	32	15	0	785	690	1156	1061	1.03e-06	46.0
JX306086.1	NODE_101853_length_1158_cov_526.040604	41.176	34	20	0	713	612	122	21	1.03e-06	31.3
JX306086.1	NODE_101853_length_1158_cov_526.040604	58.333	24	10	0	614	685	23	94	0.20	38.2
JX306086.1	NODE_101853_length_1158_cov_526.040604	54.167	24	11	0	613	684	22	93	1.8	35.0
JX306086.1	NODE_101853_length_1158_cov_526.040604	56.522	23	10	0	681	613	90	22	3.0	28.1
JX306086.1	NODE_101853_length_1158_cov_526.040604	56.250	32	14	0	786	691	1157	1062	3.0	26.7
JX306086.1	NODE_14600_length_5419_cov_26.038534	50.000	28	14	0	809	726	1276	1359	0.27	37.7
JX306086.1	NODE_642_length_19755_cov_9.035714	42.857	28	16	0	12	95	14687	14770	0.27	37.7
JX306086.1	NODE_73199_length_1659_cov_16.891667	29.545	44	31	0	748	617	20	151	3.5	34.1
JX306086.1	NODE_46001_length_2521_cov_5.246903	40.000	30	18	0	715	626	407	318	3.5	34.1
JX306086.1	NODE_95072_length_1255_cov_19.355536	43.750	32	18	0	186	281	304	209	4.7	33.6
JX306086.1	NODE_95072_length_1255_cov_19.355536	55.000	20	9	0	244	185	246	305	6.5	33.1
JX306086.1	NODE_92176_length_1298_cov_10.440367	36.000	25	16	0	652	726	1278	1204	5.9	27.6
JX306086.1	NODE_92176_length_1298_cov_10.440367	43.750	16	9	0	845	892	374	327	5.9	26.3
JX306086.1	NODE_30399_length_3440_cov_8.595031	34.000	50	33	0	752	603	3008	2859	6.5	33.1
JX306086.1	NODE_6635_length_8038_cov_21.888651	32.500	40	27	0	716	597	1345	1226	6.7	31.8
JX306086.1	NODE_6635_length_8038_cov_21.888651	35.294	34	22	0	872	771	6098	5997	6.7	24.4
JX306086.1	NODE_101288_length_1165_cov_85.475610	38.710	31	19	0	656	564	555	463	7.2	30.9
JX306086.1	NODE_101288_length_1165_cov_85.475610	37.500	24	15	0	877	806	658	587	7.2	22.6
JX306086.1	NODE_27236_length_3706_cov_15.919878	53.333	15	7	0	128	172	3077	3033	8.3	28.6
JX306086.1	NODE_27236_length_3706_cov_15.919878	47.826	23	12	0	524	592	2791	2723	8.3	26.3
JX306086.1	NODE_40930_length_2766_cov_18.560180	60.000	15	6	0	495	539	220	176	8.6	29.0
JX306086.1	NODE_40930_length_2766_cov_18.560180	41.176	17	10	0	182	232	1085	1035	8.6	25.4
JX306086.1	NODE_78787_length_1539_cov_5.327778	83.333	12	2	0	809	774	2	37	9.0	32.7
JX306086.1	NODE_37720_length_2943_cov_7.580169	83.333	12	2	0	809	774	2846	2881	9.0	32.7
JX306086.1	NODE_36709_length_3000_cov_6.528094	35.484	31	20	0	833	925	632	724	9.0	32.7
JX306086.1	NODE_18634_length_4689_cov_8.137037	50.000	20	10	0	620	679	4533	4592	9.0	32.7
JX306086.1	NODE_2845_length_11571_cov_11.881450	27.273	44	32	0	815	684	2846	2977	9.0	32.7
JX306085.1	NODE_77310_length_1569_cov_17.249660	73.427	143	38	0	1	429	1451	1023	1.68e-162	258
JX306085.1	NODE_77310_length_1569_cov_17.249660	76.000	75	18	0	658	882	791	567	1.68e-162	134
JX306085.1	NODE_77310_length_1569_cov_17.249660	82.258	62	11	0	490	675	962	777	1.68e-162	131
JX306085.1	NODE_77310_length_1569_cov_17.249660	78.261	46	10	0	916	1053	533	396	1.68e-162	90.9
JX306085.1	NODE_77310_length_1569_cov_17.249660	53.846	26	12	0	863	940	587	510	1.68e-162	38.2
JX306085.1	NODE_77310_length_1569_cov_17.249660	67.943	209	67	0	629	3	823	1449	1.72e-103	276
JX306085.1	NODE_77310_length_1569_cov_17.249660	69.697	66	20	0	869	672	580	777	1.72e-103	98.7
JX306085.1	NODE_77310_length_1569_cov_17.249660	77.778	18	4	0	1055	1002	394	447	1.72e-103	34.1
JX306085.1	NODE_77310_length_1569_cov_17.249660	48.000	25	13	0	1020	946	429	503	1.72e-103	27.2
JX306085.1	NODE_77310_length_1569_cov_17.249660	42.500	80	46	0	384	623	1068	829	1.63e-25	66.1
JX306085.1	NODE_77310_length_1569_cov_17.249660	54.902	51	23	0	48	200	1404	1252	1.63e-25	64.3
JX306085.1	NODE_77310_length_1569_cov_17.249660	40.541	37	22	0	945	1055	504	394	1.63e-25	31.8
JX306085.1	NODE_77310_length_1569_cov_17.249660	42.000	100	58	0	666	367	786	1085	6.00e-25	66.6
JX306085.1	NODE_77310_length_1569_cov_17.249660	48.214	56	29	0	199	32	1253	1420	6.00e-25	53.3
JX306085.1	NODE_77310_length_1569_cov_17.249660	42.424	33	19	0	933	835	517	615	6.00e-25	33.6
JX306085.1	NODE_77310_length_1569_cov_17.249660	52.000	25	12	0	1018	944	431	505	6.00e-25	25.8
JX306085.1	NODE_77310_length_1569_cov_17.249660	48.889	45	23	0	198	64	1254	1388	9.32e-09	49.2
JX306085.1	NODE_77310_length_1569_cov_17.249660	50.000	46	23	0	613	476	839	976	9.32e-09	35.9
JX306085.1	NODE_77310_length_1569_cov_17.249660	48.438	64	33	0	14	205	1438	1247	8.12e-06	42.3
JX306085.1	NODE_77310_length_1569_cov_17.249660	63.158	19	7	0	569	625	883	827	8.12e-06	32.7
JX306085.1	NODE_382_length_23212_cov_376.490893	79.528	127	26	0	490	870	19106	19486	6.98e-151	259
JX306085.1	NODE_382_length_23212_cov_376.490893	64.935	77	27	0	22	252	18626	18856	6.98e-151	133
JX306085.1	NODE_382_length_23212_cov_376.490893	71.111	45	13	0	916	1050	19532	19666	6.98e-151	82.6
JX306085.1	NODE_382_length_23212_cov_376.490893	71.739	46	13	0	292	429	18908	19045	6.98e-151	80.3
JX306085.1	NODE_382_length_23212_cov_376.490893	62.500	24	9	0	863	934	19478	19549	6.98e-151	46.0
JX306085.1	NODE_382_length_23212_cov_376.490893	76.923	13	3	0	244	282	18863	18901	6.98e-151	31.8
JX306085.1	NODE_382_length_23212_cov_376.490893	58.824	119	49	0	629	273	19245	18889	6.20e-73	145
JX306085.1	NODE_382_length_23212_cov_376.490893	57.576	66	28	0	869	672	19485	19288	6.20e-73	78.0
JX306085.1	NODE_382_length_23212_cov_376.490893	57.971	69	29	0	251	45	18855	18649	6.20e-73	71.6
JX306085.1	NODE_382_length_23212_cov_376.490893	45.833	24	13	0	933	862	19548	19477	6.20e-73	31.3
JX306085.1	NODE_382_length_23212_cov_376.490893	66.667	18	6	0	1055	1002	19671	19618	6.20e-73	25.4
JX306085.1	NODE_382_length_23212_cov_376.490893	34.286	175	115	0	1041	517	19657	19133	7.72e-39	113
JX306085.1	NODE_382_length_23212_cov_376.490893	39.286	56	34	0	462	295	19078	18911	7.72e-39	45.1
JX306085.1	NODE_382_length_23212_cov_376.490893	32.653	49	33	0	210	64	18814	18668	7.72e-39	33.1
JX306085.1	NODE_382_length_23212_cov_376.490893	43.333	30	17	0	281	192	18900	18811	7.72e-39	26.3
JX306085.1	NODE_382_length_23212_cov_376.490893	36.923	65	41	0	569	763	19185	19379	4.65e-09	51.5
JX306085.1	NODE_382_length_23212_cov_376.490893	31.818	44	30	0	39	170	18643	18774	4.65e-09	35.0
JX306085.1	NODE_382_length_23212_cov_376.490893	39.474	38	23	0	299	412	18915	19028	4.65e-09	26.7
JX306085.1	NODE_382_length_23212_cov_376.490893	31.765	85	58	0	775	521	19391	19137	0.16	38.6
JX306085.1	NODE_382_length_23212_cov_376.490893	33.846	65	43	0	549	743	19165	19359	5.4	33.6
JX306085.1	NODE_528_length_20880_cov_4614.317598	85.915	71	10	0	667	879	1555	1767	2.46e-124	142
JX306085.1	NODE_528_length_20880_cov_4614.317598	82.540	63	11	0	490	678	1375	1563	2.46e-124	137
JX306085.1	NODE_528_length_20880_cov_4614.317598	75.926	54	13	0	268	429	1153	1314	2.46e-124	96.8
JX306085.1	NODE_528_length_20880_cov_4614.317598	82.222	45	8	0	916	1050	1804	1938	2.46e-124	91.8
JX306085.1	NODE_528_length_20880_cov_4614.317598	66.667	36	12	0	172	279	3	110	2.46e-124	62.5
JX306085.1	NODE_528_length_20880_cov_4614.317598	70.833	24	7	0	863	934	1750	1821	2.46e-124	41.8
JX306085.1	NODE_528_length_20880_cov_4614.317598	68.333	120	38	0	629	270	1514	1155	7.28e-83	154
JX306085.1	NODE_528_length_20880_cov_4614.317598	80.303	66	13	0	869	672	1757	1560	7.28e-83	119
JX306085.1	NODE_528_length_20880_cov_4614.317598	61.111	36	14	0	278	171	109	2	7.28e-83	50.1
JX306085.1	NODE_528_length_20880_cov_4614.317598	66.667	24	8	0	933	862	1820	1749	7.28e-83	44.6
JX306085.1	NODE_528_length_20880_cov_4614.317598	53.333	30	14	0	1030	941	1918	1829	7.28e-83	41.8
JX306085.1	NODE_528_length_20880_cov_4614.317598	75.207	121	30	0	1	363	20516	20878	6.79e-59	229
JX306085.1	NODE_528_length_20880_cov_4614.317598	48.305	118	61	0	654	301	1539	1186	1.13e-43	95.5
JX306085.1	NODE_528_length_20880_cov_4614.317598	52.459	61	29	0	852	670	1740	1558	1.13e-43	77.1
JX306085.1	NODE_528_length_20880_cov_4614.317598	55.882	34	15	0	1041	940	1929	1828	1.13e-43	37.7
JX306085.1	NODE_528_length_20880_cov_4614.317598	45.455	22	12	0	931	866	1818	1753	1.13e-43	24.4
JX306085.1	NODE_528_length_20880_cov_4614.317598	44.898	98	54	0	372	665	1257	1550	6.53e-40	92.7
JX306085.1	NODE_528_length_20880_cov_4614.317598	51.515	33	16	0	942	1040	1830	1928	6.53e-40	47.8
JX306085.1	NODE_528_length_20880_cov_4614.317598	51.282	39	19	0	671	787	1559	1675	6.53e-40	46.0
JX306085.1	NODE_528_length_20880_cov_4614.317598	62.500	16	6	0	886	933	1773	1820	6.53e-40	35.4
JX306085.1	NODE_528_length_20880_cov_4614.317598	66.116	121	41	0	365	3	20880	20518	6.28e-38	159
JX306085.1	NODE_528_length_20880_cov_4614.317598	54.237	59	27	0	847	671	1735	1559	4.54e-20	51.0
JX306085.1	NODE_528_length_20880_cov_4614.317598	45.763	59	32	0	655	479	1540	1364	4.54e-20	42.8
JX306085.1	NODE_528_length_20880_cov_4614.317598	79.487	39	8	0	1055	939	1943	1827	4.54e-20	37.3
JX306085.1	NODE_528_length_20880_cov_4614.317598	43.902	41	23	0	412	290	1297	1175	4.54e-20	22.6
JX306085.1	NODE_528_length_20880_cov_4614.317598	40.000	75	45	0	39	263	20554	20778	2.36e-12	68.4
JX306085.1	NODE_528_length_20880_cov_4614.317598	50.000	18	9	0	302	355	20817	20870	2.36e-12	24.9
JX306085.1	NODE_528_length_20880_cov_4614.317598	58.333	24	10	0	672	743	1560	1631	2.21e-10	38.2
JX306085.1	NODE_528_length_20880_cov_4614.317598	52.778	36	17	0	560	667	1445	1552	2.21e-10	36.3
JX306085.1	NODE_528_length_20880_cov_4614.317598	40.426	47	28	0	908	1048	1796	1936	2.21e-10	34.5
JX306085.1	NODE_528_length_20880_cov_4614.317598	42.105	38	22	0	302	415	1187	1300	2.21e-10	30.4
JX306085.1	NODE_528_length_20880_cov_4614.317598	50.000	52	26	0	196	41	20711	20556	7.98e-05	49.6
JX306085.1	NODE_528_length_20880_cov_4614.317598	48.837	43	22	0	204	76	20719	20591	0.31	37.7
JX306085.1	NODE_108272_length_1077_cov_15.187117	74.332	187	48	0	490	1050	241	801	1.10e-118	352
JX306085.1	NODE_108272_length_1077_cov_15.187117	68.333	60	19	0	250	429	1	180	1.10e-118	96.8
JX306085.1	NODE_108272_length_1077_cov_15.187117	53.968	126	58	0	629	252	380	3	7.64e-50	127
JX306085.1	NODE_108272_length_1077_cov_15.187117	61.905	63	24	0	866	678	617	429	7.64e-50	73.5
JX306085.1	NODE_108272_length_1077_cov_15.187117	81.250	16	3	0	1055	1008	806	759	7.64e-50	27.6
JX306085.1	NODE_108272_length_1077_cov_15.187117	37.931	29	18	0	1030	944	781	695	7.64e-50	26.7
JX306085.1	NODE_108272_length_1077_cov_15.187117	31.395	86	59	0	381	638	132	389	9.36e-13	43.7
JX306085.1	NODE_108272_length_1077_cov_15.187117	45.000	40	22	0	936	1055	687	806	9.36e-13	37.3
JX306085.1	NODE_108272_length_1077_cov_15.187117	50.000	24	12	0	863	934	613	684	9.36e-13	36.3
JX306085.1	NODE_108272_length_1077_cov_15.187117	35.780	109	70	0	636	310	387	61	7.39e-10	64.3
JX306085.1	NODE_108272_length_1077_cov_15.187117	36.111	36	23	0	1050	943	801	694	7.39e-10	24.0
JX306085.1	NODE_64316_length_1878_cov_2.352445	74.457	184	47	0	499	1050	1319	1870	1.28e-94	347
JX306085.1	NODE_64316_length_1878_cov_2.352445	63.492	63	23	0	866	678	1686	1498	2.36e-34	76.2
JX306085.1	NODE_64316_length_1878_cov_2.352445	68.182	44	14	0	629	498	1449	1318	2.36e-34	73.5
JX306085.1	NODE_64316_length_1878_cov_2.352445	40.541	37	22	0	1054	944	1874	1764	2.36e-34	35.9
JX306085.1	NODE_64316_length_1878_cov_2.352445	87.500	32	4	0	751	846	1207	1302	2.40e-23	73.5
JX306085.1	NODE_64316_length_1878_cov_2.352445	50.000	40	20	0	936	1055	1756	1875	2.40e-23	45.5
JX306085.1	NODE_64316_length_1878_cov_2.352445	50.000	24	12	0	863	934	1682	1753	2.40e-23	36.3
JX306085.1	NODE_64316_length_1878_cov_2.352445	31.304	115	79	0	849	505	1669	1325	3.87e-13	67.5
JX306085.1	NODE_64316_length_1878_cov_2.352445	41.667	36	21	0	1050	943	1870	1763	3.87e-13	28.6
JX306085.1	NODE_64316_length_1878_cov_2.352445	76.667	30	7	0	848	759	1304	1215	1.51e-04	46.0
JX306085.1	NODE_64316_length_1878_cov_2.352445	85.714	14	2	0	1049	1008	1869	1828	1.51e-04	24.9
JX306085.1	NODE_101853_length_1158_cov_526.040604	100.000	32	0	0	748	843	1061	1156	4.86e-24	79.0
JX306085.1	NODE_101853_length_1158_cov_526.040604	92.000	25	2	0	667	741	18	92	4.86e-24	57.4
JX306085.1	NODE_101853_length_1158_cov_526.040604	90.625	32	3	0	845	750	1158	1063	8.58e-18	62.9
JX306085.1	NODE_101853_length_1158_cov_526.040604	80.000	25	5	0	746	672	97	23	8.58e-18	52.4
JX306085.1	NODE_101853_length_1158_cov_526.040604	53.125	32	15	0	843	748	1156	1061	1.30e-06	46.0
JX306085.1	NODE_101853_length_1158_cov_526.040604	41.176	34	20	0	771	670	122	21	1.30e-06	31.3
JX306085.1	NODE_101853_length_1158_cov_526.040604	58.333	24	10	0	672	743	23	94	0.22	38.2
JX306085.1	NODE_101853_length_1158_cov_526.040604	54.167	24	11	0	671	742	22	93	2.1	35.0
JX306085.1	NODE_101853_length_1158_cov_526.040604	56.522	23	10	0	739	671	90	22	3.7	28.1
JX306085.1	NODE_101853_length_1158_cov_526.040604	56.250	32	14	0	844	749	1157	1062	3.7	26.7
JX306085.1	NODE_14600_length_5419_cov_26.038534	47.059	34	18	0	885	784	1258	1359	0.024	41.4
JX306085.1	NODE_642_length_19755_cov_9.035714	42.857	28	16	0	70	153	14687	14770	0.31	37.7
JX306085.1	NODE_81376_length_1485_cov_41.758297	32.609	46	31	0	456	319	1132	1269	2.8	34.5
JX306085.1	NODE_73199_length_1659_cov_16.891667	29.545	44	31	0	806	675	20	151	3.9	34.1
JX306085.1	NODE_46001_length_2521_cov_5.246903	40.000	30	18	0	773	684	407	318	3.9	34.1
JX306085.1	NODE_1103_length_16553_cov_11.003039	61.111	18	7	0	192	245	13727	13674	3.9	34.1
JX306085.1	NODE_95072_length_1255_cov_19.355536	43.750	32	18	0	244	339	304	209	5.4	33.6
JX306085.1	NODE_95072_length_1255_cov_19.355536	55.000	20	9	0	302	243	246	305	7.4	33.1
JX306085.1	NODE_95675_length_1246_cov_9.748910	62.500	16	6	0	879	832	1002	1049	5.7	27.2
JX306085.1	NODE_95675_length_1246_cov_9.748910	33.333	27	18	0	855	775	1135	1215	5.7	23.5
JX306085.1	NODE_37720_length_2943_cov_7.580169	78.571	14	3	0	873	832	2840	2881	7.4	33.1
JX306085.1	NODE_30399_length_3440_cov_8.595031	34.000	50	33	0	810	661	3008	2859	7.4	33.1
JX306085.1	NODE_5089_length_9069_cov_10.797436	38.889	36	22	0	900	793	6599	6492	7.4	33.1
JX306085.1	NODE_2099_length_13032_cov_6.272713	36.364	33	21	0	16	114	6068	5970	7.4	33.1
JX306085.1	NODE_22033_length_4225_cov_25.433349	36.842	38	24	0	932	1045	963	850	8.7	32.2
JX306085.1	NODE_22033_length_4225_cov_25.433349	72.727	11	3	0	702	734	3347	3315	8.7	23.1
YP_001648644.1	NODE_382_length_23212_cov_376.490893	71.014	276	80	0	646	1473	19106	19933	0.0	519
YP_001648644.1	NODE_382_length_23212_cov_376.490893	63.636	77	28	0	178	408	18626	18856	0.0	131
YP_001648644.1	NODE_382_length_23212_cov_376.490893	71.739	46	13	0	448	585	18908	19045	0.0	77.1
YP_001648644.1	NODE_382_length_23212_cov_376.490893	64.286	42	15	0	49	174	18494	18619	0.0	68.4
YP_001648644.1	NODE_382_length_23212_cov_376.490893	44.444	27	15	0	1489	1569	19955	20035	0.0	39.6
YP_001648644.1	NODE_382_length_23212_cov_376.490893	76.923	13	3	0	400	438	18863	18901	0.0	31.8
YP_001648644.1	NODE_382_length_23212_cov_376.490893	59.664	119	48	0	785	429	19245	18889	2.31e-99	165
YP_001648644.1	NODE_382_length_23212_cov_376.490893	55.952	84	37	0	1409	1158	19869	19618	2.31e-99	103
YP_001648644.1	NODE_382_length_23212_cov_376.490893	54.348	46	21	0	407	270	18855	18718	2.31e-99	52.4
YP_001648644.1	NODE_382_length_23212_cov_376.490893	44.186	43	24	0	1112	984	19572	19444	2.31e-99	43.2
YP_001648644.1	NODE_382_length_23212_cov_376.490893	52.778	36	17	0	935	828	19395	19288	2.31e-99	41.8
YP_001648644.1	NODE_382_length_23212_cov_376.490893	37.209	43	27	0	176	48	18621	18493	2.31e-99	36.3
YP_001648644.1	NODE_382_length_23212_cov_376.490893	61.111	18	7	0	1535	1482	20001	19948	2.31e-99	27.6
YP_001648644.1	NODE_382_length_23212_cov_376.490893	69.231	13	4	0	437	399	18900	18862	2.31e-99	25.4
YP_001648644.1	NODE_382_length_23212_cov_376.490893	37.500	112	70	0	1008	673	19468	19133	1.24e-40	88.6
YP_001648644.1	NODE_382_length_23212_cov_376.490893	39.286	56	34	0	618	451	19078	18911	1.24e-40	46.0
YP_001648644.1	NODE_382_length_23212_cov_376.490893	38.000	50	31	0	366	217	18814	18665	1.24e-40	45.1
YP_001648644.1	NODE_382_length_23212_cov_376.490893	36.585	41	26	0	1395	1273	19855	19733	1.24e-40	33.1
YP_001648644.1	NODE_382_length_23212_cov_376.490893	33.333	45	30	0	1176	1042	19636	19502	1.24e-40	29.5
YP_001648644.1	NODE_382_length_23212_cov_376.490893	34.737	95	62	0	725	1009	19185	19469	2.63e-05	51.9
YP_001648644.1	NODE_528_length_20880_cov_4614.317598	78.829	222	47	0	823	1488	1555	2220	0.0	416
YP_001648644.1	NODE_528_length_20880_cov_4614.317598	80.952	63	12	0	646	834	1375	1563	0.0	137
YP_001648644.1	NODE_528_length_20880_cov_4614.317598	75.926	54	13	0	424	585	1153	1314	0.0	95.0
YP_001648644.1	NODE_528_length_20880_cov_4614.317598	66.667	36	12	0	328	435	3	110	0.0	61.6
YP_001648644.1	NODE_528_length_20880_cov_4614.317598	61.905	21	8	0	1507	1569	2248	2310	0.0	34.5
YP_001648644.1	NODE_528_length_20880_cov_4614.317598	71.127	142	41	0	1409	984	2141	1716	1.25e-114	190
YP_001648644.1	NODE_528_length_20880_cov_4614.317598	70.000	120	36	0	785	426	1514	1155	1.25e-114	187
YP_001648644.1	NODE_528_length_20880_cov_4614.317598	80.556	36	7	0	935	828	1667	1560	1.25e-114	69.3
YP_001648644.1	NODE_528_length_20880_cov_4614.317598	61.111	36	14	0	434	327	109	2	1.25e-114	49.2
YP_001648644.1	NODE_528_length_20880_cov_4614.317598	72.152	158	44	0	46	519	20405	20878	1.18e-75	285
YP_001648644.1	NODE_528_length_20880_cov_4614.317598	47.418	213	112	0	1464	826	2196	1558	2.90e-67	178
YP_001648644.1	NODE_528_length_20880_cov_4614.317598	46.512	129	69	0	810	424	1539	1153	2.90e-67	100
YP_001648644.1	NODE_528_length_20880_cov_4614.317598	40.120	167	100	0	963	1463	1695	2195	5.71e-62	145
YP_001648644.1	NODE_528_length_20880_cov_4614.317598	43.478	92	52	0	546	821	1275	1550	5.71e-62	80.3
YP_001648644.1	NODE_528_length_20880_cov_4614.317598	51.429	35	17	0	827	931	1559	1663	5.71e-62	43.7
YP_001648644.1	NODE_528_length_20880_cov_4614.317598	48.485	33	17	0	458	556	1187	1285	5.71e-62	28.1
YP_001648644.1	NODE_528_length_20880_cov_4614.317598	68.675	83	26	0	521	273	20880	20632	5.44e-47	133
YP_001648644.1	NODE_528_length_20880_cov_4614.317598	52.857	70	33	0	218	9	20577	20368	5.44e-47	77.6
YP_001648644.1	NODE_528_length_20880_cov_4614.317598	44.624	186	103	0	1384	827	2116	1559	9.76e-34	127
YP_001648644.1	NODE_528_length_20880_cov_4614.317598	41.573	89	52	0	811	545	1540	1274	9.76e-34	38.2
YP_001648644.1	NODE_528_length_20880_cov_4614.317598	47.107	121	64	0	1040	1402	1772	2134	8.95e-23	85.4
YP_001648644.1	NODE_528_length_20880_cov_4614.317598	58.333	24	10	0	828	899	1560	1631	8.95e-23	38.2
YP_001648644.1	NODE_528_length_20880_cov_4614.317598	47.222	36	19	0	716	823	1445	1552	8.95e-23	34.5
YP_001648644.1	NODE_528_length_20880_cov_4614.317598	36.667	30	19	0	330	419	5	94	8.95e-23	27.6
YP_001648644.1	NODE_528_length_20880_cov_4614.317598	41.758	91	53	0	195	467	20554	20826	1.91e-13	79.0
YP_001648644.1	NODE_528_length_20880_cov_4614.317598	41.000	100	59	0	360	61	20719	20420	3.74e-12	57.9
YP_001648644.1	NODE_528_length_20880_cov_4614.317598	41.463	41	24	0	510	388	20869	20747	3.74e-12	35.4
YP_001648644.1	NODE_528_length_20880_cov_4614.317598	59.649	57	23	0	191	361	20550	20720	2.14e-06	50.6
YP_001648644.1	NODE_528_length_20880_cov_4614.317598	37.143	35	22	0	407	511	20766	20870	2.14e-06	23.1
YP_001648644.1	NODE_528_length_20880_cov_4614.317598	52.830	53	25	0	355	197	20714	20556	5.35e-06	54.2
YP_001648644.1	NODE_77310_length_1569_cov_17.249660	71.300	223	64	0	814	1482	791	123	0.0	388
YP_001648644.1	NODE_77310_length_1569_cov_17.249660	70.000	180	54	0	46	585	1562	1023	0.0	310
YP_001648644.1	NODE_77310_length_1569_cov_17.249660	80.645	62	12	0	646	831	962	777	0.0	131
YP_001648644.1	NODE_77310_length_1569_cov_17.249660	70.588	17	5	0	593	643	1015	965	0.0	33.1
YP_001648644.1	NODE_77310_length_1569_cov_17.249660	52.174	23	11	0	1507	1575	89	21	0.0	31.8
YP_001648644.1	NODE_77310_length_1569_cov_17.249660	63.953	172	62	0	785	270	823	1338	1.35e-129	248
YP_001648644.1	NODE_77310_length_1569_cov_17.249660	63.095	84	31	0	1409	1158	196	447	1.35e-129	116
YP_001648644.1	NODE_77310_length_1569_cov_17.249660	60.377	53	21	0	218	60	1390	1548	1.35e-129	62.9
YP_001648644.1	NODE_77310_length_1569_cov_17.249660	59.091	44	18	0	1115	984	490	621	1.35e-129	60.2
YP_001648644.1	NODE_77310_length_1569_cov_17.249660	63.889	36	13	0	935	828	670	777	1.35e-129	51.0
YP_001648644.1	NODE_77310_length_1569_cov_17.249660	48.148	27	14	0	1180	1100	425	505	1.35e-129	23.5
YP_001648644.1	NODE_77310_length_1569_cov_17.249660	32.051	156	106	0	1458	991	147	614	1.64e-36	74.4
YP_001648644.1	NODE_77310_length_1569_cov_17.249660	43.000	100	57	0	822	523	786	1085	1.64e-36	72.5
YP_001648644.1	NODE_77310_length_1569_cov_17.249660	45.283	53	29	0	345	187	1263	1421	1.64e-36	54.7
YP_001648644.1	NODE_77310_length_1569_cov_17.249660	31.250	144	99	0	1026	1457	579	148	1.46e-30	69.3
YP_001648644.1	NODE_77310_length_1569_cov_17.249660	48.980	49	25	0	204	350	1404	1258	1.46e-30	57.4
YP_001648644.1	NODE_77310_length_1569_cov_17.249660	44.776	67	37	0	579	779	1029	829	1.46e-30	54.7
YP_001648644.1	NODE_77310_length_1569_cov_17.249660	41.818	55	32	0	352	188	1256	1420	0.007	43.7
YP_001648644.1	NODE_77310_length_1569_cov_17.249660	52.000	25	12	0	700	626	908	982	0.007	22.6
YP_001648644.1	NODE_108272_length_1077_cov_15.187117	69.818	275	83	0	646	1470	241	1065	1.63e-165	508
YP_001648644.1	NODE_108272_length_1077_cov_15.187117	68.333	60	19	0	406	585	1	180	1.63e-165	97.7
YP_001648644.1	NODE_108272_length_1077_cov_15.187117	56.349	126	55	0	785	408	380	3	1.42e-63	145
YP_001648644.1	NODE_108272_length_1077_cov_15.187117	53.086	81	38	0	1406	1164	1001	759	1.42e-63	83.5
YP_001648644.1	NODE_108272_length_1077_cov_15.187117	55.882	34	15	0	935	834	530	429	1.42e-63	39.1
YP_001648644.1	NODE_108272_length_1077_cov_15.187117	39.535	43	26	0	1112	984	707	579	1.42e-63	34.5
YP_001648644.1	NODE_108272_length_1077_cov_15.187117	34.862	109	71	0	792	466	387	61	1.92e-14	59.7
YP_001648644.1	NODE_108272_length_1077_cov_15.187117	37.931	58	36	0	1236	1063	831	658	1.92e-14	45.5
YP_001648644.1	NODE_108272_length_1077_cov_15.187117	40.476	84	50	0	1062	1313	657	908	2.24e-07	58.8
YP_001648644.1	NODE_108272_length_1077_cov_15.187117	39.474	76	46	0	1067	1294	662	889	0.14	39.6
YP_001648644.1	NODE_64316_length_1878_cov_2.352445	78.804	184	39	0	655	1206	1319	1870	5.76e-103	376
YP_001648644.1	NODE_64316_length_1878_cov_2.352445	68.182	44	14	0	785	654	1449	1318	4.14e-31	70.3
YP_001648644.1	NODE_64316_length_1878_cov_2.352445	35.714	56	36	0	1005	838	1669	1502	4.14e-31	45.5
YP_001648644.1	NODE_64316_length_1878_cov_2.352445	45.946	37	20	0	1210	1100	1874	1764	4.14e-31	41.8
YP_001648644.1	NODE_64316_length_1878_cov_2.352445	39.535	43	26	0	1112	984	1776	1648	4.14e-31	35.0
YP_001648644.1	NODE_64316_length_1878_cov_2.352445	84.375	32	5	0	907	1002	1207	1302	1.05e-20	73.0
YP_001648644.1	NODE_64316_length_1878_cov_2.352445	50.000	50	25	0	1062	1211	1726	1875	1.05e-20	54.2
YP_001648644.1	NODE_64316_length_1878_cov_2.352445	45.833	48	26	0	1206	1063	1870	1727	2.80e-13	44.6
YP_001648644.1	NODE_64316_length_1878_cov_2.352445	58.824	34	14	0	935	834	1599	1498	2.80e-13	41.4
YP_001648644.1	NODE_64316_length_1878_cov_2.352445	36.735	49	31	0	807	661	1471	1325	2.80e-13	36.8
YP_001648644.1	NODE_64316_length_1878_cov_2.352445	45.833	48	26	0	1067	1210	1731	1874	0.36	38.2
YP_001648644.1	NODE_101853_length_1158_cov_526.040604	96.875	32	1	0	904	999	1061	1156	1.70e-23	78.5
YP_001648644.1	NODE_101853_length_1158_cov_526.040604	92.000	25	2	0	823	897	18	92	1.70e-23	57.4
YP_001648644.1	NODE_101853_length_1158_cov_526.040604	80.000	25	5	0	902	828	97	23	1.61e-12	52.4
YP_001648644.1	NODE_101853_length_1158_cov_526.040604	53.125	32	15	0	999	904	1156	1061	1.61e-12	46.4
YP_001648644.1	NODE_101853_length_1158_cov_526.040604	41.176	34	20	0	927	826	122	21	0.34	31.3
YP_001648644.1	NODE_101853_length_1158_cov_526.040604	56.250	32	14	0	1000	905	1157	1062	0.34	28.6
YP_001648644.1	NODE_101853_length_1158_cov_526.040604	58.333	24	10	0	828	899	23	94	0.36	38.2
YP_001648644.1	NODE_101853_length_1158_cov_526.040604	54.167	24	11	0	827	898	22	93	3.3	35.0
YP_001648644.1	NODE_4424_length_9634_cov_9.278762	48.148	27	14	0	1284	1364	3680	3600	0.26	38.6
YP_001648644.1	NODE_13875_length_5571_cov_20.405702	63.158	19	7	0	1531	1587	4666	4722	0.36	38.2
YP_001648644.1	NODE_7608_length_7543_cov_22.920070	28.261	46	33	0	24	161	3491	3628	0.56	33.1
YP_001648644.1	NODE_7608_length_7543_cov_22.920070	52.632	19	9	0	470	526	4807	4863	0.56	28.6
YP_001648644.1	NODE_642_length_19755_cov_9.035714	39.286	28	17	0	226	309	14687	14770	0.68	37.3
YP_001648644.1	NODE_11744_length_6098_cov_5.233706	30.435	23	16	0	255	187	5401	5469	1.3	32.2
YP_001648644.1	NODE_11744_length_6098_cov_5.233706	42.105	19	11	0	1177	1121	55	111	1.3	25.8
YP_001648644.1	NODE_11744_length_6098_cov_5.233706	58.333	12	5	0	893	858	1856	1891	1.3	23.1
YP_001648644.1	NODE_28_length_48334_cov_5.954203	48.148	27	14	0	155	75	21224	21304	2.4	35.4
YP_001648644.1	NODE_53052_length_2235_cov_11.756086	35.714	28	18	0	461	544	1027	1110	3.3	35.0
YP_001648644.1	NODE_18618_length_4692_cov_8.553233	36.585	41	26	0	1101	979	3117	2995	3.3	35.0
YP_001648644.1	NODE_8611_length_7106_cov_7.086770	32.500	40	27	0	1089	970	3282	3163	3.3	35.0
YP_001648644.1	NODE_4143_length_9912_cov_254.796902	32.558	43	29	0	1073	1201	5325	5453	4.6	34.5
YP_001648644.1	NODE_80253_length_1509_cov_10.491489	47.368	19	10	0	196	140	1344	1288	4.8	26.7
YP_001648644.1	NODE_80253_length_1509_cov_10.491489	37.500	24	15	0	324	253	1486	1415	4.8	24.9
YP_001648644.1	NODE_64390_length_1876_cov_1.462015	45.161	31	17	0	475	567	1771	1863	5.8	31.3
YP_001648644.1	NODE_64390_length_1876_cov_1.462015	31.818	44	30	0	255	386	1021	1152	5.8	24.9
YP_001648644.1	NODE_46001_length_2521_cov_5.246903	40.000	30	18	0	929	840	407	318	6.3	34.1
YP_001648644.1	NODE_6738_length_7987_cov_7.371070	50.000	28	14	0	1016	1099	2316	2233	6.3	34.1
YP_001648644.1	NODE_14600_length_5419_cov_26.038534	46.429	28	15	0	1023	940	1276	1359	6.3	34.1
YP_001648644.1	NODE_268_length_26443_cov_14.753796	50.000	20	10	0	387	446	9188	9129	7.0	25.4
YP_001648644.1	NODE_268_length_26443_cov_14.753796	43.478	23	13	0	449	517	9075	9007	7.0	25.4
YP_001648644.1	NODE_122277_length_930_cov_27.495788	57.895	19	8	0	1152	1208	321	265	7.4	29.0
YP_001648644.1	NODE_122277_length_930_cov_27.495788	37.500	32	20	0	700	795	642	547	7.4	25.8
YP_001648644.1	NODE_90265_length_1328_cov_18.745321	39.286	28	17	0	1124	1207	955	1038	7.6	33.6
YP_001648644.1	NODE_90265_length_1328_cov_18.745321	47.059	17	9	0	71	121	717	767	7.6	21.7
YP_001648644.1	NODE_26300_length_3789_cov_15.004878	26.667	45	33	0	975	841	2909	2775	7.9	29.9
YP_001648644.1	NODE_26300_length_3789_cov_15.004878	50.000	22	11	0	193	128	1524	1459	7.9	26.7
YP_001648644.1	NODE_6920_length_7882_cov_25.417834	52.174	23	11	0	235	167	2337	2269	8.2	31.3
YP_001648644.1	NODE_6920_length_7882_cov_25.417834	28.846	52	37	0	1119	964	4118	3963	8.2	26.3
YP_001648644.1	NODE_26800_length_3745_cov_29.198300	44.444	27	15	0	410	490	183	103	8.6	33.6
YP_001648644.1	NODE_119074_length_962_cov_5.385863	38.095	42	26	0	1144	1269	408	533	8.6	33.6
YP_001648644.1	NODE_95072_length_1255_cov_19.355536	43.750	32	18	0	400	495	304	209	8.6	33.6
YP_001648644.1	NODE_3991_length_10054_cov_9.431441	27.119	59	43	0	292	468	2888	3064	8.6	33.6
YP_001648644.1	NODE_2099_length_13032_cov_6.272713	39.394	33	20	0	172	270	6068	5970	8.6	33.6
