MK105444.1	NODE_17228_length_1549_cov_12.297241	82.353	170	30	0	1	510	35	544	3.87e-85	313
MK105444.1	NODE_17228_length_1549_cov_12.297241	66.393	122	41	0	566	201	600	235	6.96e-52	184
MK105444.1	NODE_17228_length_1549_cov_12.297241	82.609	23	4	0	149	81	183	115	6.96e-52	38.6
MK105444.1	NODE_17228_length_1549_cov_12.297241	42.135	178	103	0	534	1	568	35	1.27e-27	122
MK105444.1	NODE_17228_length_1549_cov_12.297241	39.024	164	100	0	3	494	37	528	1.09e-25	115
MK105444.1	NODE_17228_length_1549_cov_12.297241	45.161	93	51	0	280	2	314	36	8.55e-11	66.1
MK105444.1	NODE_17228_length_1549_cov_12.297241	48.571	70	36	0	65	274	99	308	3.60e-04	44.1
MK105444.1	NODE_12_length_19406_cov_3137.394883	93.243	148	10	0	1	444	18961	19404	7.92e-82	302
MK105444.1	NODE_12_length_19406_cov_3137.394883	80.247	81	16	0	443	201	19403	19161	2.31e-51	162
MK105444.1	NODE_12_length_19406_cov_3137.394883	91.304	23	2	0	149	81	19109	19041	2.31e-51	45.1
MK105444.1	NODE_12_length_19406_cov_3137.394883	57.692	26	11	0	78	1	19038	18961	2.31e-51	32.2
MK105444.1	NODE_12_length_19406_cov_3137.394883	45.578	147	80	0	3	443	18963	19403	8.60e-35	145
MK105444.1	NODE_12_length_19406_cov_3137.394883	52.212	113	54	0	441	103	19401	19063	3.89e-21	100
MK105444.1	NODE_12_length_19406_cov_3137.394883	46.259	147	79	0	442	2	19402	18962	3.59e-20	97.3
MK105444.1	NODE_12_length_19406_cov_3137.394883	52.055	73	35	0	56	274	19016	19234	7.95e-06	49.6
MK105444.1	NODE_28329_length_1206_cov_6.258356	63.636	77	28	0	103	333	394	624	3.02e-51	102
MK105444.1	NODE_28329_length_1206_cov_6.258356	61.538	52	20	0	355	510	658	813	3.02e-51	77.6
MK105444.1	NODE_28329_length_1206_cov_6.258356	52.778	36	17	0	1	108	289	396	3.02e-51	45.5
MK105444.1	NODE_28329_length_1206_cov_6.258356	64.286	14	5	0	325	366	631	672	3.02e-51	31.3
MK105444.1	NODE_28329_length_1206_cov_6.258356	54.688	64	29	0	566	375	869	678	5.00e-24	72.5
MK105444.1	NODE_28329_length_1206_cov_6.258356	51.163	43	21	0	332	204	623	495	5.00e-24	49.2
MK105444.1	NODE_28329_length_1206_cov_6.258356	35.000	20	13	0	204	145	495	436	5.00e-24	25.4
MK105444.1	NODE_28329_length_1206_cov_6.258356	38.710	31	19	0	429	521	732	824	0.33	27.6
MK105444.1	NODE_28329_length_1206_cov_6.258356	31.667	60	41	0	150	329	441	620	0.33	24.0
MK105444.1	NODE_13005_length_1768_cov_14.022768	64.286	56	20	0	103	270	618	785	4.90e-50	99.1
MK105444.1	NODE_13005_length_1768_cov_14.022768	61.538	52	20	0	355	510	881	1036	4.90e-50	77.6
MK105444.1	NODE_13005_length_1768_cov_14.022768	52.778	36	17	0	1	108	513	620	4.90e-50	45.1
MK105444.1	NODE_13005_length_1768_cov_14.022768	64.286	14	5	0	325	366	854	895	4.90e-50	31.3
MK105444.1	NODE_13005_length_1768_cov_14.022768	57.812	64	27	0	566	375	1092	901	1.24e-23	76.2
MK105444.1	NODE_13005_length_1768_cov_14.022768	54.286	35	16	0	308	204	823	719	1.24e-23	46.0
MK105444.1	NODE_13005_length_1768_cov_14.022768	53.333	15	7	0	368	324	897	853	1.24e-23	23.5
MK105444.1	NODE_13005_length_1768_cov_14.022768	43.243	37	21	0	411	521	937	1047	0.20	35.0
MK105444.1	NODE_13005_length_1768_cov_14.022768	43.182	44	25	0	543	412	1069	938	2.6	31.3
MK105444.1	NODE_13005_length_1768_cov_14.022768	48.571	35	18	0	517	413	1043	939	3.6	30.9
MK105444.1	NODE_13005_length_1768_cov_14.022768	45.238	42	23	0	392	517	918	1043	6.7	29.9
MK105444.1	NODE_14810_length_1664_cov_13.191054	62.338	77	29	0	103	333	1261	1491	2.80e-48	100
MK105444.1	NODE_14810_length_1664_cov_13.191054	65.217	46	16	0	355	492	1525	1662	2.80e-48	69.8
MK105444.1	NODE_14810_length_1664_cov_13.191054	52.778	36	17	0	1	108	1156	1263	2.80e-48	45.1
MK105444.1	NODE_14810_length_1664_cov_13.191054	64.286	14	5	0	325	366	1498	1539	2.80e-48	31.3
MK105444.1	NODE_14810_length_1664_cov_13.191054	53.488	43	20	0	332	204	1490	1362	3.24e-15	53.3
MK105444.1	NODE_14810_length_1664_cov_13.191054	55.000	40	18	0	494	375	1664	1545	3.24e-15	46.4
MK105444.1	NODE_4921_length_2696_cov_2874.107817	80.822	73	14	0	566	348	1327	1545	2.04e-46	138
MK105444.1	NODE_4921_length_2696_cov_2874.107817	84.375	32	5	0	347	252	2600	2695	2.04e-46	69.8
MK105444.1	NODE_4921_length_2696_cov_2874.107817	88.889	54	6	0	349	510	1544	1383	1.60e-34	117
MK105444.1	NODE_4921_length_2696_cov_2874.107817	82.051	39	7	0	253	369	2694	2578	1.60e-34	51.0
MK105444.1	NODE_4921_length_2696_cov_2874.107817	54.167	72	33	0	564	349	1329	1544	6.24e-13	68.9
MK105444.1	NODE_4921_length_2696_cov_2874.107817	52.941	34	16	0	357	256	2590	2691	6.24e-13	26.7
MK105444.1	NODE_4921_length_2696_cov_2874.107817	44.828	58	32	0	348	521	1545	1372	4.07e-12	55.6
MK105444.1	NODE_4921_length_2696_cov_2874.107817	45.714	35	19	0	255	359	2692	2588	4.07e-12	37.3
MK105444.1	NODE_4921_length_2696_cov_2874.107817	48.276	58	30	0	350	523	1543	1370	6.79e-04	43.2
MK105444.1	NODE_4921_length_2696_cov_2874.107817	42.623	61	35	0	520	338	1373	1555	0.73	33.1
MK105444.1	NODE_13096_length_1763_cov_4.914062	50.000	26	13	0	525	448	651	728	0.11	35.9
MK105444.1	NODE_20013_length_1440_cov_6.161820	42.857	28	16	0	129	212	634	717	0.53	33.6
MK105444.1	NODE_16985_length_1560_cov_5.377139	34.286	35	23	0	79	183	1369	1265	2.6	31.3
MK105444.1	NODE_463_length_6378_cov_38.495780	33.333	39	26	0	282	398	4118	4234	4.9	30.4
MK105444.1	NODE_8432_length_2144_cov_15.027384	42.857	35	20	0	285	389	1486	1382	6.7	29.9
MK105444.1	NODE_36688_length_1044_cov_5.221164	43.478	23	13	0	423	355	896	828	6.8	29.9
MK105444.1	NODE_32788_length_1112_cov_4.969398	37.037	27	17	0	377	297	726	646	9.3	29.5
MK105444.1	NODE_32637_length_1115_cov_4.238189	43.478	23	13	0	132	200	253	321	9.3	29.5
MK105444.1	NODE_7056_length_2321_cov_88.413591	34.615	26	17	0	528	451	1364	1441	9.3	29.5
MK105443.1	NODE_17228_length_1549_cov_12.297241	82.456	171	30	0	2	514	32	544	3.07e-86	316
MK105443.1	NODE_17228_length_1549_cov_12.297241	65.854	123	42	0	573	205	603	235	3.78e-52	185
MK105443.1	NODE_17228_length_1549_cov_12.297241	82.609	23	4	0	153	85	183	115	3.78e-52	38.6
MK105443.1	NODE_17228_length_1549_cov_12.297241	42.458	179	103	0	538	2	568	32	2.65e-28	124
MK105443.1	NODE_17228_length_1549_cov_12.297241	39.759	166	100	0	1	498	31	528	2.25e-26	117
MK105443.1	NODE_17228_length_1549_cov_12.297241	45.745	94	51	0	284	3	314	33	9.45e-12	69.3
MK105443.1	NODE_17228_length_1549_cov_12.297241	48.571	70	36	0	69	278	99	308	3.62e-04	44.1
MK105443.1	NODE_12_length_19406_cov_3137.394883	93.289	149	10	0	2	448	18958	19404	6.28e-83	305
MK105443.1	NODE_12_length_19406_cov_3137.394883	80.247	81	16	0	447	205	19403	19161	4.89e-52	162
MK105443.1	NODE_12_length_19406_cov_3137.394883	91.304	23	2	0	153	85	19109	19041	4.89e-52	45.1
MK105443.1	NODE_12_length_19406_cov_3137.394883	59.259	27	11	0	82	2	19038	18958	4.89e-52	34.5
MK105443.1	NODE_12_length_19406_cov_3137.394883	46.309	149	80	0	1	447	18957	19403	1.77e-35	148
MK105443.1	NODE_12_length_19406_cov_3137.394883	46.622	148	79	0	446	3	19402	18959	3.94e-21	100
MK105443.1	NODE_12_length_19406_cov_3137.394883	52.212	113	54	0	445	107	19401	19063	3.94e-21	100
MK105443.1	NODE_12_length_19406_cov_3137.394883	52.055	73	35	0	60	278	19016	19234	8.01e-06	49.6
MK105443.1	NODE_28329_length_1206_cov_6.258356	63.636	77	28	0	107	337	394	624	2.56e-52	102
MK105443.1	NODE_28329_length_1206_cov_6.258356	61.538	52	20	0	359	514	658	813	2.56e-52	77.6
MK105443.1	NODE_28329_length_1206_cov_6.258356	54.054	37	17	0	2	112	286	396	2.56e-52	49.2
MK105443.1	NODE_28329_length_1206_cov_6.258356	64.286	14	5	0	329	370	631	672	2.56e-52	31.3
MK105443.1	NODE_28329_length_1206_cov_6.258356	55.385	65	29	0	573	379	872	678	1.08e-24	74.8
MK105443.1	NODE_28329_length_1206_cov_6.258356	51.163	43	21	0	336	208	623	495	1.08e-24	49.2
MK105443.1	NODE_28329_length_1206_cov_6.258356	35.000	20	13	0	208	149	495	436	1.08e-24	25.4
MK105443.1	NODE_28329_length_1206_cov_6.258356	38.710	31	19	0	433	525	732	824	0.33	27.6
MK105443.1	NODE_28329_length_1206_cov_6.258356	31.667	60	41	0	154	333	441	620	0.33	24.0
MK105443.1	NODE_13005_length_1768_cov_14.022768	64.286	56	20	0	107	274	618	785	4.17e-51	99.1
MK105443.1	NODE_13005_length_1768_cov_14.022768	61.538	52	20	0	359	514	881	1036	4.17e-51	77.6
MK105443.1	NODE_13005_length_1768_cov_14.022768	54.054	37	17	0	2	112	510	620	4.17e-51	48.7
MK105443.1	NODE_13005_length_1768_cov_14.022768	64.286	14	5	0	329	370	854	895	4.17e-51	31.3
MK105443.1	NODE_13005_length_1768_cov_14.022768	58.462	65	27	0	573	379	1095	901	2.70e-24	78.5
MK105443.1	NODE_13005_length_1768_cov_14.022768	54.286	35	16	0	312	208	823	719	2.70e-24	46.0
MK105443.1	NODE_13005_length_1768_cov_14.022768	53.333	15	7	0	372	328	897	853	2.70e-24	23.5
MK105443.1	NODE_13005_length_1768_cov_14.022768	39.623	53	32	0	415	573	937	1095	0.15	35.4
MK105443.1	NODE_13005_length_1768_cov_14.022768	43.182	44	25	0	547	416	1069	938	2.7	31.3
MK105443.1	NODE_13005_length_1768_cov_14.022768	48.571	35	18	0	521	417	1043	939	3.6	30.9
MK105443.1	NODE_13005_length_1768_cov_14.022768	45.238	42	23	0	396	521	918	1043	6.9	29.9
MK105443.1	NODE_14810_length_1664_cov_13.191054	62.338	77	29	0	107	337	1261	1491	2.37e-49	100
MK105443.1	NODE_14810_length_1664_cov_13.191054	65.217	46	16	0	359	496	1525	1662	2.37e-49	69.8
MK105443.1	NODE_14810_length_1664_cov_13.191054	54.054	37	17	0	2	112	1153	1263	2.37e-49	48.7
MK105443.1	NODE_14810_length_1664_cov_13.191054	64.286	14	5	0	329	370	1498	1539	2.37e-49	31.3
MK105443.1	NODE_14810_length_1664_cov_13.191054	53.488	43	20	0	336	208	1490	1362	3.31e-15	53.3
MK105443.1	NODE_14810_length_1664_cov_13.191054	55.000	40	18	0	498	379	1664	1545	3.31e-15	46.4
MK105443.1	NODE_4921_length_2696_cov_2874.107817	80.822	73	14	0	570	352	1327	1545	2.13e-46	138
MK105443.1	NODE_4921_length_2696_cov_2874.107817	84.375	32	5	0	351	256	2600	2695	2.13e-46	69.8
MK105443.1	NODE_4921_length_2696_cov_2874.107817	88.889	54	6	0	353	514	1544	1383	1.62e-34	117
MK105443.1	NODE_4921_length_2696_cov_2874.107817	82.051	39	7	0	257	373	2694	2578	1.62e-34	51.0
MK105443.1	NODE_4921_length_2696_cov_2874.107817	54.167	72	33	0	568	353	1329	1544	6.50e-13	68.9
MK105443.1	NODE_4921_length_2696_cov_2874.107817	52.941	34	16	0	361	260	2590	2691	6.50e-13	26.7
MK105443.1	NODE_4921_length_2696_cov_2874.107817	44.828	58	32	0	352	525	1545	1372	4.12e-12	55.6
MK105443.1	NODE_4921_length_2696_cov_2874.107817	45.714	35	19	0	259	363	2692	2588	4.12e-12	37.3
MK105443.1	NODE_4921_length_2696_cov_2874.107817	48.276	58	30	0	354	527	1543	1370	6.83e-04	43.2
MK105443.1	NODE_4921_length_2696_cov_2874.107817	42.623	61	35	0	524	342	1373	1555	0.75	33.1
MK105443.1	NODE_13096_length_1763_cov_4.914062	50.000	26	13	0	529	452	651	728	0.11	35.9
MK105443.1	NODE_20013_length_1440_cov_6.161820	42.857	28	16	0	133	216	634	717	0.54	33.6
MK105443.1	NODE_16985_length_1560_cov_5.377139	34.286	35	23	0	83	187	1369	1265	2.7	31.3
MK105443.1	NODE_463_length_6378_cov_38.495780	33.333	39	26	0	286	402	4118	4234	5.0	30.4
MK105443.1	NODE_29790_length_1173_cov_18.042831	44.118	34	19	0	104	3	493	594	6.8	29.9
MK105443.1	NODE_36688_length_1044_cov_5.221164	43.478	23	13	0	427	359	896	828	6.9	29.9
MK105443.1	NODE_8432_length_2144_cov_15.027384	42.857	35	20	0	289	393	1486	1382	6.9	29.9
MK105443.1	NODE_32788_length_1112_cov_4.969398	37.037	27	17	0	381	301	726	646	9.5	29.5
MK105443.1	NODE_32637_length_1115_cov_4.238189	43.478	23	13	0	136	204	253	321	9.5	29.5
MK105443.1	NODE_7056_length_2321_cov_88.413591	34.615	26	17	0	532	455	1364	1441	9.5	29.5
MK105445.1	NODE_17228_length_1549_cov_12.297241	82.278	158	28	0	6	479	71	544	1.01e-77	288
MK105445.1	NODE_17228_length_1549_cov_12.297241	65.854	123	42	0	538	170	603	235	2.88e-60	185
MK105445.1	NODE_17228_length_1549_cov_12.297241	83.784	37	6	0	118	8	183	73	2.88e-60	65.7
MK105445.1	NODE_17228_length_1549_cov_12.297241	41.566	166	97	0	503	6	568	71	4.97e-25	113
MK105445.1	NODE_17228_length_1549_cov_12.297241	39.474	152	92	0	8	463	73	528	4.24e-23	106
MK105445.1	NODE_17228_length_1549_cov_12.297241	46.914	81	43	0	249	7	314	72	1.92e-09	61.6
MK105445.1	NODE_17228_length_1549_cov_12.297241	48.571	70	36	0	34	243	99	308	3.34e-04	44.1
MK105445.1	NODE_12_length_19406_cov_3137.394883	93.382	136	9	0	6	413	18997	19404	5.36e-74	275
MK105445.1	NODE_12_length_19406_cov_3137.394883	80.247	81	16	0	412	170	19403	19161	1.03e-56	162
MK105445.1	NODE_12_length_19406_cov_3137.394883	92.105	38	3	0	118	5	19109	18996	1.03e-56	76.7
MK105445.1	NODE_12_length_19406_cov_3137.394883	45.588	136	74	0	5	412	18996	19403	1.63e-31	134
MK105445.1	NODE_12_length_19406_cov_3137.394883	52.212	113	54	0	410	72	19401	19063	2.94e-23	100
MK105445.1	NODE_12_length_19406_cov_3137.394883	71.429	14	4	0	47	6	19038	18997	2.94e-23	26.3
MK105445.1	NODE_12_length_19406_cov_3137.394883	46.667	135	72	0	411	7	19402	18998	2.85e-18	90.9
MK105445.1	NODE_12_length_19406_cov_3137.394883	53.165	79	37	0	7	243	18998	19234	3.09e-07	54.2
MK105445.1	NODE_4921_length_2696_cov_2874.107817	80.822	73	14	0	535	317	1327	1545	1.79e-46	138
MK105445.1	NODE_4921_length_2696_cov_2874.107817	84.375	32	5	0	316	221	2600	2695	1.79e-46	69.8
MK105445.1	NODE_4921_length_2696_cov_2874.107817	88.889	54	6	0	318	479	1544	1383	1.39e-34	117
MK105445.1	NODE_4921_length_2696_cov_2874.107817	82.051	39	7	0	222	338	2694	2578	1.39e-34	51.0
MK105445.1	NODE_4921_length_2696_cov_2874.107817	54.167	72	33	0	533	318	1329	1544	5.49e-13	68.9
MK105445.1	NODE_4921_length_2696_cov_2874.107817	52.941	34	16	0	326	225	2590	2691	5.49e-13	26.7
MK105445.1	NODE_4921_length_2696_cov_2874.107817	44.828	58	32	0	317	490	1545	1372	3.53e-12	55.6
MK105445.1	NODE_4921_length_2696_cov_2874.107817	45.714	35	19	0	224	328	2692	2588	3.53e-12	37.3
MK105445.1	NODE_4921_length_2696_cov_2874.107817	48.276	58	30	0	319	492	1543	1370	6.31e-04	43.2
MK105445.1	NODE_4921_length_2696_cov_2874.107817	42.623	61	35	0	489	307	1373	1555	0.68	33.1
MK105445.1	NODE_28329_length_1206_cov_6.258356	63.636	77	28	0	72	302	394	624	4.29e-43	102
MK105445.1	NODE_28329_length_1206_cov_6.258356	61.538	52	20	0	324	479	658	813	4.29e-43	77.6
MK105445.1	NODE_28329_length_1206_cov_6.258356	64.286	14	5	0	294	335	631	672	4.29e-43	31.3
MK105445.1	NODE_28329_length_1206_cov_6.258356	55.385	65	29	0	538	344	872	678	6.32e-25	74.8
MK105445.1	NODE_28329_length_1206_cov_6.258356	51.163	43	21	0	301	173	623	495	6.32e-25	49.2
MK105445.1	NODE_28329_length_1206_cov_6.258356	35.000	20	13	0	173	114	495	436	6.32e-25	25.4
MK105445.1	NODE_28329_length_1206_cov_6.258356	52.381	21	10	0	70	8	389	327	6.32e-25	21.7
MK105445.1	NODE_28329_length_1206_cov_6.258356	38.710	31	19	0	398	490	732	824	0.31	27.6
MK105445.1	NODE_28329_length_1206_cov_6.258356	31.667	60	41	0	119	298	441	620	0.31	24.0
MK105445.1	NODE_13005_length_1768_cov_14.022768	64.286	56	20	0	72	239	618	785	5.18e-42	99.1
MK105445.1	NODE_13005_length_1768_cov_14.022768	61.538	52	20	0	324	479	881	1036	5.18e-42	77.6
MK105445.1	NODE_13005_length_1768_cov_14.022768	64.286	14	5	0	294	335	854	895	5.18e-42	31.3
MK105445.1	NODE_13005_length_1768_cov_14.022768	58.462	65	27	0	538	344	1095	901	2.49e-24	78.5
MK105445.1	NODE_13005_length_1768_cov_14.022768	54.286	35	16	0	277	173	823	719	2.49e-24	46.0
MK105445.1	NODE_13005_length_1768_cov_14.022768	53.333	15	7	0	337	293	897	853	2.49e-24	23.5
MK105445.1	NODE_13005_length_1768_cov_14.022768	39.623	53	32	0	380	538	937	1095	0.14	35.4
MK105445.1	NODE_13005_length_1768_cov_14.022768	43.182	44	25	0	512	381	1069	938	0.82	31.3
MK105445.1	NODE_13005_length_1768_cov_14.022768	52.381	21	10	0	70	8	613	551	0.82	21.7
MK105445.1	NODE_13005_length_1768_cov_14.022768	48.571	35	18	0	486	382	1043	939	3.3	30.9
MK105445.1	NODE_13005_length_1768_cov_14.022768	45.238	42	23	0	361	486	918	1043	6.3	29.9
MK105445.1	NODE_14810_length_1664_cov_13.191054	62.338	77	29	0	72	302	1261	1491	2.99e-40	100
MK105445.1	NODE_14810_length_1664_cov_13.191054	65.217	46	16	0	324	461	1525	1662	2.99e-40	69.8
MK105445.1	NODE_14810_length_1664_cov_13.191054	64.286	14	5	0	294	335	1498	1539	2.99e-40	31.3
MK105445.1	NODE_14810_length_1664_cov_13.191054	53.488	43	20	0	301	173	1490	1362	2.86e-15	53.3
MK105445.1	NODE_14810_length_1664_cov_13.191054	55.000	40	18	0	463	344	1664	1545	2.86e-15	46.4
MK105445.1	NODE_14810_length_1664_cov_13.191054	52.381	21	10	0	70	8	1256	1194	2.86e-15	21.7
MK105445.1	NODE_13096_length_1763_cov_4.914062	50.000	26	13	0	494	417	651	728	0.10	35.9
MK105445.1	NODE_20013_length_1440_cov_6.161820	42.857	28	16	0	98	181	634	717	0.50	33.6
MK105445.1	NODE_16985_length_1560_cov_5.377139	34.286	35	23	0	48	152	1369	1265	2.4	31.3
MK105445.1	NODE_463_length_6378_cov_38.495780	33.333	39	26	0	251	367	4118	4234	4.6	30.4
MK105445.1	NODE_36688_length_1044_cov_5.221164	43.478	23	13	0	392	324	896	828	6.3	29.9
MK105445.1	NODE_8432_length_2144_cov_15.027384	42.857	35	20	0	254	358	1486	1382	6.3	29.9
MK105445.1	NODE_32788_length_1112_cov_4.969398	37.037	27	17	0	346	266	726	646	8.7	29.5
MK105445.1	NODE_32637_length_1115_cov_4.238189	43.478	23	13	0	101	169	253	321	8.7	29.5
MK105445.1	NODE_7056_length_2321_cov_88.413591	34.615	26	17	0	497	420	1364	1441	8.7	29.5
AJ704977.1	NODE_17228_length_1549_cov_12.297241	82.143	168	30	0	3	506	59	562	3.25e-97	299
AJ704977.1	NODE_17228_length_1549_cov_12.297241	93.333	30	2	0	558	647	614	703	3.25e-97	75.3
AJ704977.1	NODE_17228_length_1549_cov_12.297241	73.239	213	57	0	646	8	702	64	1.91e-90	330
AJ704977.1	NODE_17228_length_1549_cov_12.297241	48.611	72	37	0	8	223	64	279	3.34e-29	70.7
AJ704977.1	NODE_17228_length_1549_cov_12.297241	38.571	70	43	0	437	646	493	702	3.34e-29	52.4
AJ704977.1	NODE_17228_length_1549_cov_12.297241	48.837	43	22	0	245	373	301	429	3.34e-29	41.8
AJ704977.1	NODE_17228_length_1549_cov_12.297241	48.718	78	40	0	647	414	703	470	4.93e-25	64.8
AJ704977.1	NODE_17228_length_1549_cov_12.297241	50.725	69	34	0	374	168	430	224	4.93e-25	55.1
AJ704977.1	NODE_17228_length_1549_cov_12.297241	52.500	40	19	0	125	6	181	62	4.93e-25	30.9
AJ704977.1	NODE_17228_length_1549_cov_12.297241	47.170	53	28	0	330	172	386	228	2.44e-05	48.3
AJ704977.1	NODE_17228_length_1549_cov_12.297241	48.611	72	37	0	37	252	93	308	0.036	37.7
AJ704977.1	NODE_12_length_19406_cov_3137.394883	91.429	140	12	0	3	422	18985	19404	1.91e-74	277
AJ704977.1	NODE_12_length_19406_cov_3137.394883	78.014	141	31	0	424	2	19406	18984	1.39e-58	225
AJ704977.1	NODE_12_length_19406_cov_3137.394883	51.587	126	61	0	2	379	18984	19361	1.02e-34	145
AJ704977.1	NODE_12_length_19406_cov_3137.394883	68.293	41	13	0	125	3	19107	18985	8.73e-17	52.8
AJ704977.1	NODE_12_length_19406_cov_3137.394883	58.824	51	21	0	320	168	19302	19150	8.73e-17	52.4
AJ704977.1	NODE_12_length_19406_cov_3137.394883	64.384	73	26	0	34	252	19016	19234	1.73e-14	71.2
AJ704977.1	NODE_12_length_19406_cov_3137.394883	44.118	34	19	0	295	396	19277	19378	1.73e-14	26.3
AJ704977.1	NODE_12_length_19406_cov_3137.394883	55.102	49	22	0	321	175	19303	19157	1.37e-10	50.1
AJ704977.1	NODE_12_length_19406_cov_3137.394883	63.415	41	15	0	126	4	19108	18986	1.37e-10	34.1
AJ704977.1	NODE_4921_length_2696_cov_2874.107817	81.132	106	20	0	646	329	1225	1542	3.01e-63	195
AJ704977.1	NODE_4921_length_2696_cov_2874.107817	84.375	32	5	0	325	230	2600	2695	3.01e-63	69.8
AJ704977.1	NODE_4921_length_2696_cov_2874.107817	85.000	60	9	0	327	506	1544	1365	1.73e-51	116
AJ704977.1	NODE_4921_length_2696_cov_2874.107817	100.000	30	0	0	558	647	1313	1224	1.73e-51	77.6
AJ704977.1	NODE_4921_length_2696_cov_2874.107817	80.488	41	8	0	231	353	2694	2572	1.73e-51	52.4
AJ704977.1	NODE_4921_length_2696_cov_2874.107817	63.077	65	24	0	452	646	1419	1225	6.27e-26	101
AJ704977.1	NODE_4921_length_2696_cov_2874.107817	54.839	31	14	0	230	322	2695	2603	6.27e-26	38.2
AJ704977.1	NODE_4921_length_2696_cov_2874.107817	58.824	51	21	0	566	414	1305	1457	3.70e-16	61.1
AJ704977.1	NODE_4921_length_2696_cov_2874.107817	62.500	32	12	0	642	547	1229	1324	3.70e-16	38.2
AJ704977.1	NODE_4921_length_2696_cov_2874.107817	58.621	29	12	0	320	234	2605	2691	3.70e-16	27.6
AJ704977.1	NODE_28329_length_1206_cov_6.258356	66.234	77	26	0	81	311	394	624	4.28e-60	103
AJ704977.1	NODE_28329_length_1206_cov_6.258356	73.469	49	13	0	360	506	685	831	4.28e-60	88.1
AJ704977.1	NODE_28329_length_1206_cov_6.258356	80.000	30	6	0	558	647	883	972	4.28e-60	63.4
AJ704977.1	NODE_28329_length_1206_cov_6.258356	76.923	13	3	0	303	341	631	669	4.28e-60	32.2
AJ704977.1	NODE_28329_length_1206_cov_6.258356	59.375	96	39	0	646	359	971	684	4.11e-46	131
AJ704977.1	NODE_28329_length_1206_cov_6.258356	54.286	70	32	0	310	101	623	414	4.11e-46	59.7
AJ704977.1	NODE_28329_length_1206_cov_6.258356	66.667	15	5	0	346	302	674	630	4.11e-46	31.3
AJ704977.1	NODE_28329_length_1206_cov_6.258356	41.935	31	18	0	506	414	831	739	0.008	35.0
AJ704977.1	NODE_28329_length_1206_cov_6.258356	44.444	27	15	0	248	168	561	481	0.008	25.4
AJ704977.1	NODE_28329_length_1206_cov_6.258356	41.935	31	18	0	134	226	447	539	0.084	30.9
AJ704977.1	NODE_28329_length_1206_cov_6.258356	50.000	22	11	0	437	502	762	827	0.084	25.8
AJ704977.1	NODE_13005_length_1768_cov_14.022768	67.857	56	18	0	81	248	618	785	3.76e-59	100
AJ704977.1	NODE_13005_length_1768_cov_14.022768	73.469	49	13	0	360	506	908	1054	3.76e-59	88.1
AJ704977.1	NODE_13005_length_1768_cov_14.022768	83.333	30	5	0	558	647	1106	1195	3.76e-59	63.8
AJ704977.1	NODE_13005_length_1768_cov_14.022768	76.923	13	3	0	303	341	854	892	3.76e-59	32.2
AJ704977.1	NODE_13005_length_1768_cov_14.022768	59.375	96	39	0	646	359	1194	907	1.13e-43	127
AJ704977.1	NODE_13005_length_1768_cov_14.022768	75.758	33	8	0	265	167	802	704	1.13e-43	60.2
AJ704977.1	NODE_13005_length_1768_cov_14.022768	60.000	15	6	0	346	302	897	853	1.13e-43	26.3
AJ704977.1	NODE_13005_length_1768_cov_14.022768	45.455	33	18	0	512	414	1060	962	0.019	38.6
AJ704977.1	NODE_13005_length_1768_cov_14.022768	31.250	48	33	0	116	259	653	796	0.027	30.4
AJ704977.1	NODE_13005_length_1768_cov_14.022768	57.143	21	9	0	452	514	1000	1062	0.027	28.6
AJ704977.1	NODE_14810_length_1664_cov_13.191054	64.935	77	27	0	81	311	1261	1491	9.65e-40	101
AJ704977.1	NODE_14810_length_1664_cov_13.191054	75.676	37	9	0	360	470	1552	1662	9.65e-40	66.6
AJ704977.1	NODE_14810_length_1664_cov_13.191054	76.923	13	3	0	303	341	1498	1536	9.65e-40	32.2
AJ704977.1	NODE_14810_length_1664_cov_13.191054	58.333	48	20	0	310	167	1490	1347	9.39e-23	63.4
AJ704977.1	NODE_14810_length_1664_cov_13.191054	60.526	38	15	0	472	359	1664	1551	9.39e-23	53.3
AJ704977.1	NODE_14810_length_1664_cov_13.191054	60.000	15	6	0	346	302	1541	1497	9.39e-23	26.3
AJ704977.1	NODE_14810_length_1664_cov_13.191054	33.333	42	28	0	134	259	1314	1439	8.0	29.9
AJ704977.1	NODE_44669_length_931_cov_10.461538	32.653	49	33	0	330	476	192	338	0.87	33.1
AJ704977.1	NODE_16985_length_1560_cov_5.377139	37.143	35	22	0	57	161	1369	1265	0.87	33.1
AJ704977.1	NODE_26506_length_1248_cov_6.543951	39.130	23	14	0	155	223	819	887	1.2	32.7
AJ704977.1	NODE_3979_length_2946_cov_8.630488	32.353	34	23	0	116	217	2136	2035	1.6	32.2
AJ704977.1	NODE_6203_length_2450_cov_15.050617	45.455	22	12	0	68	133	293	228	2.2	25.4
AJ704977.1	NODE_6203_length_2450_cov_15.050617	23.529	34	26	0	107	208	252	151	2.2	23.5
AJ704977.1	NODE_4304_length_2854_cov_6.230490	41.667	24	14	0	485	414	2260	2189	3.1	31.3
AJ704977.1	NODE_30308_length_1163_cov_4.546992	45.833	24	13	0	470	541	603	532	4.3	30.9
AJ704977.1	NODE_21570_length_1388_cov_7.204034	46.875	32	17	0	354	449	111	16	5.8	30.4
AJ704977.1	NODE_15210_length_1643_cov_11.079663	50.000	16	8	0	497	450	197	244	5.8	30.4
AJ704977.1	NODE_2129_length_3739_cov_25.403846	39.130	23	14	0	143	211	2087	2019	5.9	28.1
AJ704977.1	NODE_2129_length_3739_cov_25.403846	72.727	11	3	0	248	280	658	626	5.9	23.5
AJ704977.1	NODE_44972_length_928_cov_2.934861	40.000	15	9	0	149	193	318	274	7.7	24.9
AJ704977.1	NODE_44972_length_928_cov_2.934861	44.444	18	10	0	590	643	66	13	7.7	24.4
AJ704977.1	NODE_39450_length_1001_cov_24.905765	55.556	18	8	0	491	438	678	625	8.0	29.9
AJ704977.1	NODE_29416_length_1181_cov_22.610906	27.419	62	45	0	512	327	462	647	8.0	29.9
AJ704977.1	NODE_2064_length_3787_cov_59.036605	45.833	24	13	0	514	443	616	545	8.0	29.9
AJ704976.1	NODE_17228_length_1549_cov_12.297241	86.585	82	11	0	3	248	59	304	5.63e-94	173
AJ704976.1	NODE_17228_length_1549_cov_12.297241	78.873	71	15	0	294	506	350	562	5.63e-94	133
AJ704976.1	NODE_17228_length_1549_cov_12.297241	93.333	30	2	0	558	647	614	703	5.63e-94	75.3
AJ704976.1	NODE_17228_length_1549_cov_12.297241	72.770	213	58	0	646	8	702	64	4.58e-89	326
AJ704976.1	NODE_17228_length_1549_cov_12.297241	43.443	122	69	0	8	373	64	429	1.91e-31	102
AJ704976.1	NODE_17228_length_1549_cov_12.297241	38.571	70	43	0	437	646	493	702	1.91e-31	52.4
AJ704976.1	NODE_17228_length_1549_cov_12.297241	48.718	78	40	0	647	414	703	470	1.74e-22	64.8
AJ704976.1	NODE_17228_length_1549_cov_12.297241	44.928	69	38	0	374	168	430	224	1.74e-22	46.4
AJ704976.1	NODE_17228_length_1549_cov_12.297241	52.500	40	19	0	125	6	181	62	1.74e-22	30.9
AJ704976.1	NODE_17228_length_1549_cov_12.297241	39.623	53	32	0	330	172	386	228	0.003	41.4
AJ704976.1	NODE_17228_length_1549_cov_12.297241	46.575	73	39	0	37	255	93	311	2.3	31.8
AJ704976.1	NODE_12_length_19406_cov_3137.394883	91.463	82	7	0	3	248	18985	19230	6.05e-69	180
AJ704976.1	NODE_12_length_19406_cov_3137.394883	90.909	44	4	0	291	422	19273	19404	6.05e-69	100
AJ704976.1	NODE_12_length_19406_cov_3137.394883	78.014	141	31	0	424	2	19406	18984	2.63e-58	224
AJ704976.1	NODE_12_length_19406_cov_3137.394883	50.000	126	63	0	2	379	18984	19361	2.85e-35	147
AJ704976.1	NODE_12_length_19406_cov_3137.394883	68.293	41	13	0	125	3	19107	18985	1.03e-17	52.8
AJ704976.1	NODE_12_length_19406_cov_3137.394883	54.902	51	23	0	320	168	19302	19150	1.03e-17	48.3
AJ704976.1	NODE_12_length_19406_cov_3137.394883	52.174	23	11	0	416	348	19398	19330	1.03e-17	24.4
AJ704976.1	NODE_12_length_19406_cov_3137.394883	62.667	75	28	0	34	258	19016	19240	4.98e-15	73.5
AJ704976.1	NODE_12_length_19406_cov_3137.394883	42.424	33	19	0	298	396	19280	19378	4.98e-15	25.8
AJ704976.1	NODE_12_length_19406_cov_3137.394883	51.020	49	24	0	321	175	19303	19157	5.55e-09	44.6
AJ704976.1	NODE_12_length_19406_cov_3137.394883	63.415	41	15	0	126	4	19108	18986	5.55e-09	34.1
AJ704976.1	NODE_28329_length_1206_cov_6.258356	68.831	77	24	0	81	311	394	624	3.28e-63	113
AJ704976.1	NODE_28329_length_1206_cov_6.258356	73.469	49	13	0	360	506	685	831	3.28e-63	89.0
AJ704976.1	NODE_28329_length_1206_cov_6.258356	80.000	30	6	0	558	647	883	972	3.28e-63	63.4
AJ704976.1	NODE_28329_length_1206_cov_6.258356	76.923	13	3	0	303	341	631	669	3.28e-63	32.2
AJ704976.1	NODE_28329_length_1206_cov_6.258356	59.375	96	39	0	646	359	971	684	3.13e-42	131
AJ704976.1	NODE_28329_length_1206_cov_6.258356	54.286	70	32	0	310	101	623	414	3.13e-42	59.7
AJ704976.1	NODE_28329_length_1206_cov_6.258356	47.368	38	20	0	506	393	831	718	1.41e-11	42.3
AJ704976.1	NODE_28329_length_1206_cov_6.258356	44.000	25	14	0	346	272	674	600	1.41e-11	32.2
AJ704976.1	NODE_28329_length_1206_cov_6.258356	50.000	28	14	0	251	168	564	481	1.41e-11	29.9
AJ704976.1	NODE_28329_length_1206_cov_6.258356	51.613	31	15	0	134	226	447	539	1.08e-04	40.9
AJ704976.1	NODE_28329_length_1206_cov_6.258356	50.000	22	11	0	437	502	762	827	1.08e-04	25.8
AJ704976.1	NODE_28329_length_1206_cov_6.258356	50.000	20	10	0	225	166	538	479	9.7	26.7
AJ704976.1	NODE_28329_length_1206_cov_6.258356	43.750	16	9	0	467	420	686	639	9.7	22.6
AJ704976.1	NODE_4921_length_2696_cov_2874.107817	81.132	106	20	0	646	329	1225	1542	2.00e-62	195
AJ704976.1	NODE_4921_length_2696_cov_2874.107817	81.250	32	6	0	325	230	2600	2695	2.00e-62	67.0
AJ704976.1	NODE_4921_length_2696_cov_2874.107817	86.667	60	8	0	327	506	1544	1365	1.24e-48	120
AJ704976.1	NODE_4921_length_2696_cov_2874.107817	100.000	30	0	0	558	647	1313	1224	1.24e-48	77.6
AJ704976.1	NODE_4921_length_2696_cov_2874.107817	54.839	31	14	0	230	322	2695	2603	1.24e-48	39.1
AJ704976.1	NODE_4921_length_2696_cov_2874.107817	63.077	65	24	0	452	646	1419	1225	4.58e-26	101
AJ704976.1	NODE_4921_length_2696_cov_2874.107817	71.429	21	6	0	291	353	2634	2572	4.58e-26	38.6
AJ704976.1	NODE_4921_length_2696_cov_2874.107817	56.164	73	32	0	566	348	1305	1523	1.71e-21	79.4
AJ704976.1	NODE_4921_length_2696_cov_2874.107817	62.500	32	12	0	642	547	1229	1324	1.71e-21	38.2
AJ704976.1	NODE_4921_length_2696_cov_2874.107817	55.172	29	13	0	320	234	2605	2691	1.71e-21	27.6
AJ704976.1	NODE_4921_length_2696_cov_2874.107817	55.172	29	13	0	321	235	2604	2690	6.0	26.7
AJ704976.1	NODE_4921_length_2696_cov_2874.107817	69.231	13	4	0	647	609	1224	1262	6.0	24.4
AJ704976.1	NODE_13005_length_1768_cov_14.022768	70.175	57	17	0	81	251	618	788	2.12e-62	110
AJ704976.1	NODE_13005_length_1768_cov_14.022768	73.469	49	13	0	360	506	908	1054	2.12e-62	89.0
AJ704976.1	NODE_13005_length_1768_cov_14.022768	83.333	30	5	0	558	647	1106	1195	2.12e-62	63.8
AJ704976.1	NODE_13005_length_1768_cov_14.022768	76.923	13	3	0	303	341	854	892	2.12e-62	32.2
AJ704976.1	NODE_13005_length_1768_cov_14.022768	59.375	96	39	0	646	359	1194	907	2.57e-42	127
AJ704976.1	NODE_13005_length_1768_cov_14.022768	69.697	33	10	0	265	167	802	704	2.57e-42	55.6
AJ704976.1	NODE_13005_length_1768_cov_14.022768	60.000	15	6	0	346	302	897	853	2.57e-42	26.3
AJ704976.1	NODE_13005_length_1768_cov_14.022768	50.000	40	20	0	512	393	1060	941	3.98e-06	46.0
AJ704976.1	NODE_13005_length_1768_cov_14.022768	37.931	29	18	0	252	166	789	703	3.98e-06	26.3
AJ704976.1	NODE_13005_length_1768_cov_14.022768	34.043	47	31	0	116	256	653	793	7.09e-04	35.9
AJ704976.1	NODE_13005_length_1768_cov_14.022768	57.143	21	9	0	452	514	1000	1062	7.09e-04	28.6
AJ704976.1	NODE_14810_length_1664_cov_13.191054	67.532	77	25	0	81	311	1261	1491	7.38e-43	111
AJ704976.1	NODE_14810_length_1664_cov_13.191054	75.676	37	9	0	360	470	1552	1662	7.38e-43	67.5
AJ704976.1	NODE_14810_length_1664_cov_13.191054	76.923	13	3	0	303	341	1498	1536	7.38e-43	32.2
AJ704976.1	NODE_14810_length_1664_cov_13.191054	54.167	48	22	0	310	167	1490	1347	4.56e-19	59.7
AJ704976.1	NODE_14810_length_1664_cov_13.191054	60.526	38	15	0	472	359	1664	1551	4.56e-19	53.3
AJ704976.1	NODE_14810_length_1664_cov_13.191054	50.000	20	10	0	461	402	1653	1594	7.99e-05	28.1
AJ704976.1	NODE_14810_length_1664_cov_13.191054	37.500	32	20	0	346	251	1541	1446	7.99e-05	28.1
AJ704976.1	NODE_14810_length_1664_cov_13.191054	34.483	29	19	0	252	166	1432	1346	7.99e-05	24.4
AJ704976.1	NODE_14810_length_1664_cov_13.191054	39.024	41	25	0	134	256	1314	1436	0.094	36.3
AJ704976.1	NODE_4304_length_2854_cov_6.230490	44.000	25	14	0	485	411	2260	2186	0.63	33.6
AJ704976.1	NODE_16985_length_1560_cov_5.377139	37.143	35	22	0	57	161	1369	1265	0.87	33.1
AJ704976.1	NODE_1232_length_4565_cov_25.051948	33.333	39	26	0	455	339	2981	2865	2.3	31.8
AJ704976.1	NODE_842_length_5207_cov_17.282498	48.000	25	13	0	345	271	1214	1140	3.1	31.3
AJ704976.1	NODE_38183_length_1020_cov_4.115092	38.776	49	30	0	359	213	474	328	4.3	30.9
AJ704976.1	NODE_30308_length_1163_cov_4.546992	45.833	24	13	0	470	541	603	532	4.3	30.9
AJ704976.1	NODE_2984_length_3312_cov_4.911298	36.842	19	12	0	170	226	716	772	4.3	30.9
AJ704976.1	NODE_6203_length_2450_cov_15.050617	45.455	22	12	0	68	133	293	228	5.2	25.4
AJ704976.1	NODE_6203_length_2450_cov_15.050617	23.529	34	26	0	107	208	252	151	5.2	22.1
AJ704976.1	NODE_44669_length_931_cov_10.461538	30.612	49	34	0	330	476	192	338	5.8	30.4
AJ704976.1	NODE_37985_length_1022_cov_29.190683	52.632	19	9	0	328	272	485	429	5.8	30.4
AJ704976.1	NODE_15210_length_1643_cov_11.079663	50.000	16	8	0	497	450	197	244	5.8	30.4
AJ704976.1	NODE_5569_length_2566_cov_12.487231	42.857	28	16	0	351	268	2132	2215	5.8	30.4
AJ704976.1	NODE_39450_length_1001_cov_24.905765	55.556	18	8	0	491	438	678	625	8.0	29.9
AJ704976.1	NODE_2749_length_3419_cov_13.807229	55.556	18	8	0	335	282	3083	3030	8.0	29.9
AJ704976.1	NODE_2064_length_3787_cov_59.036605	45.833	24	13	0	514	443	616	545	8.0	29.9
AJ704976.1	NODE_1107_length_4744_cov_26.615716	45.833	24	13	0	141	212	3445	3516	8.0	29.9
AJ704976.1	NODE_28534_length_1201_cov_6.872051	53.846	13	6	0	473	435	227	189	9.9	23.5
AJ704976.1	NODE_28534_length_1201_cov_6.872051	44.444	18	10	0	316	263	101	48	9.9	23.1
MH749402.1	NODE_28329_length_1206_cov_6.258356	93.056	72	5	0	246	31	611	396	1.14e-76	159
MH749402.1	NODE_28329_length_1206_cov_6.258356	88.710	62	7	0	480	295	881	696	1.14e-76	127
MH749402.1	NODE_28329_length_1206_cov_6.258356	91.667	12	1	0	296	261	677	642	1.14e-76	32.2
MH749402.1	NODE_28329_length_1206_cov_6.258356	88.889	9	1	0	29	3	390	364	1.14e-76	24.4
MH749402.1	NODE_28329_length_1206_cov_6.258356	68.354	79	25	0	34	270	399	635	6.17e-69	141
MH749402.1	NODE_28329_length_1206_cov_6.258356	97.826	46	1	0	293	430	694	831	6.17e-69	108
MH749402.1	NODE_28329_length_1206_cov_6.258356	100.000	12	0	0	262	297	643	678	6.17e-69	35.4
MH749402.1	NODE_28329_length_1206_cov_6.258356	90.000	10	1	0	1	30	362	391	6.17e-69	30.9
MH749402.1	NODE_28329_length_1206_cov_6.258356	71.622	74	21	0	247	26	612	391	2.25e-63	149
MH749402.1	NODE_28329_length_1206_cov_6.258356	70.690	58	17	0	469	296	870	697	2.25e-63	99.1
MH749402.1	NODE_28329_length_1206_cov_6.258356	83.333	12	2	0	297	262	678	643	2.25e-63	26.7
MH749402.1	NODE_28329_length_1206_cov_6.258356	90.000	10	1	0	30	1	391	362	2.25e-63	22.1
MH749402.1	NODE_28329_length_1206_cov_6.258356	98.214	56	1	0	32	199	397	564	3.05e-63	141
MH749402.1	NODE_28329_length_1206_cov_6.258356	65.574	61	21	0	286	468	687	869	3.05e-63	102
MH749402.1	NODE_28329_length_1206_cov_6.258356	76.923	13	3	0	260	298	641	679	3.05e-63	29.0
MH749402.1	NODE_28329_length_1206_cov_6.258356	100.000	9	0	0	3	29	364	390	3.05e-63	24.4
MH749402.1	NODE_28329_length_1206_cov_6.258356	75.000	68	17	0	33	236	398	601	3.55e-54	124
MH749402.1	NODE_28329_length_1206_cov_6.258356	68.852	61	19	0	285	467	686	868	3.55e-54	92.3
MH749402.1	NODE_28329_length_1206_cov_6.258356	81.818	11	2	0	261	293	642	674	3.55e-54	26.3
MH749402.1	NODE_28329_length_1206_cov_6.258356	90.000	10	1	0	2	31	363	392	3.55e-54	23.5
MH749402.1	NODE_28329_length_1206_cov_6.258356	72.222	72	20	0	245	30	610	395	2.24e-44	109
MH749402.1	NODE_28329_length_1206_cov_6.258356	65.574	61	21	0	467	285	868	686	2.24e-44	83.5
MH749402.1	NODE_28329_length_1206_cov_6.258356	90.000	10	1	0	289	260	670	641	2.24e-44	23.1
MH749402.1	NODE_13005_length_1768_cov_14.022768	91.176	68	6	0	234	31	823	620	1.44e-70	150
MH749402.1	NODE_13005_length_1768_cov_14.022768	85.484	62	9	0	480	295	1104	919	1.44e-70	119
MH749402.1	NODE_13005_length_1768_cov_14.022768	83.333	12	2	0	296	261	900	865	1.44e-70	27.2
MH749402.1	NODE_13005_length_1768_cov_14.022768	88.889	9	1	0	29	3	614	588	1.44e-70	24.4
MH749402.1	NODE_13005_length_1768_cov_14.022768	75.362	69	17	0	31	237	620	826	6.89e-70	143
MH749402.1	NODE_13005_length_1768_cov_14.022768	97.826	46	1	0	293	430	917	1054	6.89e-70	108
MH749402.1	NODE_13005_length_1768_cov_14.022768	100.000	12	0	0	262	297	866	901	6.89e-70	35.4
MH749402.1	NODE_13005_length_1768_cov_14.022768	83.333	12	2	0	1	36	586	621	6.89e-70	32.2
MH749402.1	NODE_13005_length_1768_cov_14.022768	100.000	56	0	0	32	199	621	788	2.39e-61	142
MH749402.1	NODE_13005_length_1768_cov_14.022768	61.905	63	24	0	286	474	910	1098	2.39e-61	99.1
MH749402.1	NODE_13005_length_1768_cov_14.022768	61.538	13	5	0	260	298	864	902	2.39e-61	24.9
MH749402.1	NODE_13005_length_1768_cov_14.022768	100.000	9	0	0	3	29	588	614	2.39e-61	24.4
MH749402.1	NODE_13005_length_1768_cov_14.022768	74.286	70	18	0	235	26	824	615	3.02e-58	144
MH749402.1	NODE_13005_length_1768_cov_14.022768	67.797	59	19	0	472	296	1096	920	3.02e-58	95.0
MH749402.1	NODE_13005_length_1768_cov_14.022768	75.000	12	3	0	36	1	621	586	3.02e-58	22.6
MH749402.1	NODE_13005_length_1768_cov_14.022768	76.471	68	16	0	33	236	622	825	4.25e-53	122
MH749402.1	NODE_13005_length_1768_cov_14.022768	68.254	63	20	0	285	473	909	1097	4.25e-53	94.5
MH749402.1	NODE_13005_length_1768_cov_14.022768	90.000	10	1	0	2	31	587	616	4.25e-53	23.5
MH749402.1	NODE_13005_length_1768_cov_14.022768	70.000	10	3	0	261	290	865	894	4.25e-53	22.6
MH749402.1	NODE_13005_length_1768_cov_14.022768	76.812	69	16	0	236	30	825	619	4.84e-44	112
MH749402.1	NODE_13005_length_1768_cov_14.022768	63.492	63	23	0	473	285	1097	909	4.84e-44	83.5
MH749402.1	NODE_14810_length_1664_cov_13.191054	100.000	56	0	0	32	199	1264	1431	3.95e-60	142
MH749402.1	NODE_14810_length_1664_cov_13.191054	97.059	34	1	0	293	394	1561	1662	3.95e-60	78.0
MH749402.1	NODE_14810_length_1664_cov_13.191054	100.000	12	0	0	262	297	1510	1545	3.95e-60	35.4
MH749402.1	NODE_14810_length_1664_cov_13.191054	90.000	10	1	0	1	30	1229	1258	3.95e-60	30.9
MH749402.1	NODE_14810_length_1664_cov_13.191054	91.667	72	6	0	246	31	1478	1263	2.29e-58	158
MH749402.1	NODE_14810_length_1664_cov_13.191054	88.235	34	4	0	396	295	1664	1563	2.29e-58	70.7
MH749402.1	NODE_14810_length_1664_cov_13.191054	83.333	12	2	0	296	261	1544	1509	2.29e-58	27.2
MH749402.1	NODE_14810_length_1664_cov_13.191054	88.889	9	1	0	29	3	1257	1231	2.29e-58	24.4
MH749402.1	NODE_14810_length_1664_cov_13.191054	73.529	68	18	0	34	237	1266	1469	4.25e-53	137
MH749402.1	NODE_14810_length_1664_cov_13.191054	75.676	37	9	0	286	396	1554	1664	4.25e-53	75.8
MH749402.1	NODE_14810_length_1664_cov_13.191054	61.538	13	5	0	260	298	1508	1546	4.25e-53	25.4
MH749402.1	NODE_14810_length_1664_cov_13.191054	100.000	9	0	0	3	29	1231	1257	4.25e-53	24.4
MH749402.1	NODE_14810_length_1664_cov_13.191054	71.233	73	21	0	244	26	1476	1258	5.40e-49	146
MH749402.1	NODE_14810_length_1664_cov_13.191054	78.788	33	7	0	394	296	1662	1564	5.40e-49	62.5
MH749402.1	NODE_14810_length_1664_cov_13.191054	90.000	10	1	0	30	1	1258	1229	5.40e-49	22.1
MH749402.1	NODE_14810_length_1664_cov_13.191054	75.000	68	17	0	33	236	1265	1468	1.17e-43	120
MH749402.1	NODE_14810_length_1664_cov_13.191054	75.676	37	9	0	285	395	1553	1663	1.17e-43	64.8
MH749402.1	NODE_14810_length_1664_cov_13.191054	90.000	10	1	0	2	31	1230	1259	1.17e-43	23.5
MH749402.1	NODE_14810_length_1664_cov_13.191054	70.000	10	3	0	261	290	1509	1538	1.17e-43	22.6
MH749402.1	NODE_14810_length_1664_cov_13.191054	72.222	72	20	0	245	30	1477	1262	1.06e-35	109
MH749402.1	NODE_14810_length_1664_cov_13.191054	75.676	37	9	0	395	285	1663	1553	1.06e-35	58.8
MH749402.1	NODE_17228_length_1549_cov_12.297241	67.273	55	18	0	32	196	140	304	6.82e-41	100
MH749402.1	NODE_17228_length_1549_cov_12.297241	78.261	46	10	0	293	430	425	562	6.82e-41	84.9
MH749402.1	NODE_17228_length_1549_cov_12.297241	57.143	63	27	0	480	292	612	424	1.17e-30	80.3
MH749402.1	NODE_17228_length_1549_cov_12.297241	52.308	65	31	0	246	52	354	160	1.17e-30	71.2
MH749402.1	NODE_17228_length_1549_cov_12.297241	42.857	35	20	0	409	305	541	437	4.75e-05	33.6
MH749402.1	NODE_17228_length_1549_cov_12.297241	36.538	52	33	0	187	32	295	140	4.75e-05	33.6
MH749402.1	NODE_17228_length_1549_cov_12.297241	40.000	40	24	0	307	426	439	558	0.007	39.6
MH749402.1	NODE_12_length_19406_cov_3137.394883	70.588	51	15	0	44	196	19078	19230	2.23e-27	95.9
MH749402.1	NODE_12_length_19406_cov_3137.394883	83.333	18	3	0	293	346	19351	19404	2.23e-27	35.4
MH749402.1	NODE_12_length_19406_cov_3137.394883	70.000	10	3	0	262	291	19297	19326	2.23e-27	26.7
MH749402.1	NODE_12_length_19406_cov_3137.394883	49.231	65	33	0	246	52	19280	19086	1.94e-13	64.3
MH749402.1	NODE_12_length_19406_cov_3137.394883	57.895	19	8	0	348	292	19406	19350	1.94e-13	29.0
MH749402.1	NODE_4921_length_2696_cov_2874.107817	63.492	63	23	0	480	292	1315	1503	3.67e-19	93.6
MH749402.1	NODE_4921_length_2696_cov_2874.107817	80.435	46	9	0	293	430	1502	1365	1.20e-17	88.6
MH749402.1	NODE_26625_length_1245_cov_11.260908	38.889	36	22	0	126	19	191	84	0.31	34.1
MH749402.1	NODE_23968_length_1314_cov_7.794239	31.707	41	28	0	184	62	1156	1034	0.81	32.7
MH749402.1	NODE_3944_length_2955_cov_12.840336	55.556	18	8	0	181	128	2766	2713	0.81	32.7
MH749402.1	NODE_24372_length_1302_cov_22.671654	36.667	30	19	0	115	26	499	588	1.1	32.2
MH749402.1	NODE_1065_length_4804_cov_21.237832	33.333	39	26	0	457	341	1361	1245	1.1	32.2
MH749402.1	NODE_38572_length_1014_cov_6.286339	38.235	34	21	0	136	237	210	109	1.1	32.2
MH749402.1	NODE_36843_length_1041_cov_8.093418	34.375	32	21	0	151	56	214	309	1.5	31.8
MH749402.1	NODE_2021_length_3813_cov_85.259828	63.636	11	4	0	94	126	1687	1719	1.7	26.7
MH749402.1	NODE_2021_length_3813_cov_85.259828	34.211	38	25	0	175	288	3154	3267	1.7	25.8
MH749402.1	NODE_26681_length_1244_cov_8.595633	55.000	20	9	0	177	236	663	722	2.1	31.3
MH749402.1	NODE_6488_length_2403_cov_39.843750	46.154	26	14	0	162	85	195	118	2.1	31.3
MH749402.1	NODE_2938_length_3332_cov_17.660068	54.545	22	10	0	424	359	1785	1850	2.6	27.2
MH749402.1	NODE_2938_length_3332_cov_17.660068	24.324	37	28	0	187	77	1959	2069	2.6	24.4
MH749402.1	NODE_41752_length_970_cov_5.745121	27.869	61	44	0	253	71	223	41	2.9	30.9
MH749402.1	NODE_13885_length_1713_cov_42.540273	64.706	17	6	0	204	254	602	652	2.9	30.9
MH749402.1	NODE_889_length_5126_cov_31.066839	40.741	27	16	0	183	263	2841	2761	2.9	30.9
MH749402.1	NODE_199_length_8261_cov_9.783386	55.000	20	9	0	408	467	7544	7603	2.9	30.9
MH749402.1	NODE_11937_length_1838_cov_16.784359	45.161	31	17	0	144	52	843	935	2.9	30.9
MH749402.1	NODE_24042_length_1312_cov_5.979390	69.231	13	4	0	382	344	1060	1098	3.9	30.4
MH749402.1	NODE_16834_length_1567_cov_35.826975	47.826	23	12	0	160	92	1324	1392	3.9	30.4
MH749402.1	NODE_16832_length_1567_cov_44.756812	47.826	23	12	0	160	92	244	176	3.9	30.4
MH749402.1	NODE_37_length_14200_cov_114.671371	58.824	17	7	0	9	59	10857	10907	5.0	28.6
MH749402.1	NODE_37_length_14200_cov_114.671371	44.444	18	10	0	67	120	11414	11467	5.0	24.0
MH749402.1	NODE_39717_length_997_cov_29.214922	43.333	30	17	0	266	355	172	261	5.4	29.9
MH749402.1	NODE_28210_length_1209_cov_5.692793	32.500	40	27	0	198	317	235	116	5.4	29.9
MH749402.1	NODE_21062_length_1404_cov_4.370115	37.931	29	18	0	454	368	736	822	5.4	29.9
MH749402.1	NODE_11474_length_1874_cov_29.934085	42.308	26	15	0	385	462	1841	1764	5.5	29.9
MH749402.1	NODE_5536_length_2575_cov_30.918821	42.308	26	15	0	213	290	1751	1828	7.4	29.5
MH749402.1	NODE_2558_length_3505_cov_80.348503	46.667	15	8	0	294	338	1071	1027	7.4	29.5
MH749402.1	NODE_20625_length_1418_cov_6.921911	34.483	29	19	0	79	165	1265	1351	7.5	29.5
MH749402.1	NODE_5925_length_2501_cov_9.194005	36.000	25	16	0	4	78	1024	1098	7.5	29.5
MH749402.1	NODE_542_length_6083_cov_27.752507	34.286	35	23	0	124	228	5156	5260	7.5	29.5
MH749402.1	NODE_2884_length_3356_cov_48.364446	42.857	21	12	0	265	327	1509	1447	8.4	26.7
MH749402.1	NODE_2884_length_3356_cov_48.364446	66.667	9	3	0	438	464	987	961	8.4	23.1
MH749402.1	NODE_73_length_11604_cov_320.035550	35.000	20	13	0	142	83	9794	9735	9.9	26.7
MH749402.1	NODE_73_length_11604_cov_320.035550	41.667	12	7	0	175	140	9986	9951	9.9	24.4
JX306086.1	NODE_17228_length_1549_cov_12.297241	72.358	123	34	0	3	371	176	544	2.74e-145	215
JX306086.1	NODE_17228_length_1549_cov_12.297241	75.862	116	28	0	600	947	776	1123	2.74e-145	208
JX306086.1	NODE_17228_length_1549_cov_12.297241	82.258	62	11	0	432	617	605	790	2.74e-145	131
JX306086.1	NODE_17228_length_1549_cov_12.297241	66.854	178	59	0	571	38	744	211	5.79e-102	250
JX306086.1	NODE_17228_length_1549_cov_12.297241	67.708	96	31	0	901	614	1077	790	5.79e-102	140
JX306086.1	NODE_17228_length_1549_cov_12.297241	42.500	80	46	0	326	565	499	738	9.24e-24	65.2
JX306086.1	NODE_17228_length_1549_cov_12.297241	38.095	84	52	0	2	253	175	426	9.24e-24	64.3
JX306086.1	NODE_17228_length_1549_cov_12.297241	43.000	100	57	0	608	309	781	482	1.57e-23	66.6
JX306086.1	NODE_17228_length_1549_cov_12.297241	46.667	45	24	0	140	6	313	179	1.57e-23	46.9
JX306086.1	NODE_17228_length_1549_cov_12.297241	27.957	93	67	0	947	669	1123	845	1.57e-23	39.1
JX306086.1	NODE_17228_length_1549_cov_12.297241	51.220	41	20	0	141	19	314	192	2.09e-09	45.1
JX306086.1	NODE_17228_length_1549_cov_12.297241	51.020	49	24	0	564	418	737	591	2.09e-09	39.6
JX306086.1	NODE_17228_length_1549_cov_12.297241	55.263	38	17	0	34	147	207	320	1.14e-05	36.8
JX306086.1	NODE_17228_length_1549_cov_12.297241	68.421	19	6	0	511	567	684	740	1.14e-05	35.0
JX306086.1	NODE_13005_length_1768_cov_14.022768	75.581	172	42	0	432	947	1097	1612	1.68e-138	334
JX306086.1	NODE_13005_length_1768_cov_14.022768	75.926	54	13	0	3	164	657	818	1.68e-138	112
JX306086.1	NODE_13005_length_1768_cov_14.022768	65.217	46	16	0	234	371	899	1036	1.68e-138	72.5
JX306086.1	NODE_13005_length_1768_cov_14.022768	76.923	13	3	0	186	224	854	892	1.68e-138	31.8
JX306086.1	NODE_13005_length_1768_cov_14.022768	53.070	228	107	0	898	215	1563	880	5.14e-69	214
JX306086.1	NODE_13005_length_1768_cov_14.022768	72.000	50	14	0	151	2	805	656	5.14e-69	66.6
JX306086.1	NODE_13005_length_1768_cov_14.022768	42.857	112	64	0	794	459	1459	1124	1.89e-30	98.7
JX306086.1	NODE_13005_length_1768_cov_14.022768	40.816	49	29	0	149	3	803	657	1.89e-30	40.0
JX306086.1	NODE_13005_length_1768_cov_14.022768	36.842	38	24	0	947	834	1612	1499	1.89e-30	30.4
JX306086.1	NODE_13005_length_1768_cov_14.022768	61.111	18	7	0	353	300	1018	965	1.89e-30	26.7
JX306086.1	NODE_13005_length_1768_cov_14.022768	39.130	46	28	0	5	142	659	796	1.76e-14	44.6
JX306086.1	NODE_13005_length_1768_cov_14.022768	41.379	58	34	0	490	663	1155	1328	1.76e-14	44.6
JX306086.1	NODE_13005_length_1768_cov_14.022768	43.750	32	18	0	311	406	976	1071	1.76e-14	32.7
JX306086.1	NODE_13005_length_1768_cov_14.022768	45.946	37	20	0	735	625	1400	1290	1.75e-06	35.4
JX306086.1	NODE_13005_length_1768_cov_14.022768	39.024	41	25	0	585	463	1250	1128	1.75e-06	33.6
JX306086.1	NODE_13005_length_1768_cov_14.022768	50.000	24	12	0	75	4	729	658	1.75e-06	24.9
JX306086.1	NODE_13005_length_1768_cov_14.022768	35.385	65	42	0	491	685	1156	1350	1.76e-05	44.6
JX306086.1	NODE_13005_length_1768_cov_14.022768	42.857	49	28	0	4	150	658	804	1.76e-05	26.7
JX306086.1	NODE_28329_length_1206_cov_6.258356	78.378	111	24	0	432	764	874	1206	1.38e-108	226
JX306086.1	NODE_28329_length_1206_cov_6.258356	71.875	64	18	0	3	194	433	624	1.38e-108	120
JX306086.1	NODE_28329_length_1206_cov_6.258356	65.217	46	16	0	234	371	676	813	1.38e-108	72.5
JX306086.1	NODE_28329_length_1206_cov_6.258356	76.923	13	3	0	186	224	631	669	1.38e-108	31.8
JX306086.1	NODE_28329_length_1206_cov_6.258356	54.645	183	83	0	763	215	1205	657	3.17e-57	175
JX306086.1	NODE_28329_length_1206_cov_6.258356	59.375	64	26	0	193	2	623	432	3.17e-57	66.6
JX306086.1	NODE_28329_length_1206_cov_6.258356	41.176	102	60	0	764	459	1206	901	1.25e-23	82.2
JX306086.1	NODE_28329_length_1206_cov_6.258356	31.250	64	44	0	194	3	624	433	1.25e-23	33.6
JX306086.1	NODE_28329_length_1206_cov_6.258356	44.444	36	20	0	407	300	849	742	1.25e-23	30.9
JX306086.1	NODE_28329_length_1206_cov_6.258356	44.828	58	32	0	490	663	932	1105	4.65e-17	52.4
JX306086.1	NODE_28329_length_1206_cov_6.258356	39.130	46	28	0	5	142	435	572	4.65e-17	43.2
JX306086.1	NODE_28329_length_1206_cov_6.258356	43.750	32	18	0	311	406	753	848	4.65e-17	34.1
JX306086.1	NODE_28329_length_1206_cov_6.258356	38.710	93	57	0	735	457	1177	899	9.25e-12	60.2
JX306086.1	NODE_28329_length_1206_cov_6.258356	40.000	30	18	0	223	134	668	579	9.25e-12	25.8
JX306086.1	NODE_28329_length_1206_cov_6.258356	68.750	16	5	0	51	4	481	434	9.25e-12	25.4
JX306086.1	NODE_28329_length_1206_cov_6.258356	34.667	75	49	0	461	685	903	1127	0.001	43.7
JX306086.1	NODE_4921_length_2696_cov_2874.107817	82.540	63	11	0	432	620	1322	1134	3.65e-92	137
JX306086.1	NODE_4921_length_2696_cov_2874.107817	70.370	54	16	0	210	371	1544	1383	3.65e-92	89.0
JX306086.1	NODE_4921_length_2696_cov_2874.107817	100.000	33	0	0	690	788	99	1	3.65e-92	80.8
JX306086.1	NODE_4921_length_2696_cov_2874.107817	66.667	36	12	0	114	221	2694	2587	3.65e-92	62.0
JX306086.1	NODE_4921_length_2696_cov_2874.107817	92.000	25	2	0	609	683	1142	1068	3.65e-92	57.4
JX306086.1	NODE_4921_length_2696_cov_2874.107817	65.000	120	42	0	571	212	1183	1542	1.72e-62	143
JX306086.1	NODE_4921_length_2696_cov_2874.107817	90.625	32	3	0	787	692	2	97	1.72e-62	62.9
JX306086.1	NODE_4921_length_2696_cov_2874.107817	80.000	25	5	0	688	614	1063	1137	1.72e-62	52.4
JX306086.1	NODE_4921_length_2696_cov_2874.107817	61.111	36	14	0	220	113	2588	2695	1.72e-62	48.3
JX306086.1	NODE_4921_length_2696_cov_2874.107817	46.610	118	63	0	596	243	1158	1511	2.68e-28	90.9
JX306086.1	NODE_4921_length_2696_cov_2874.107817	54.545	33	15	0	788	690	1	99	2.68e-28	48.3
JX306086.1	NODE_4921_length_2696_cov_2874.107817	41.176	34	20	0	713	612	1038	1139	2.68e-28	31.3
JX306086.1	NODE_4921_length_2696_cov_2874.107817	43.269	104	59	0	296	607	1458	1147	2.62e-24	93.2
JX306086.1	NODE_4921_length_2696_cov_2874.107817	58.333	24	10	0	614	685	1137	1066	2.62e-24	38.2
JX306086.1	NODE_4921_length_2696_cov_2874.107817	45.763	59	32	0	597	421	1157	1333	4.67e-08	42.8
JX306086.1	NODE_4921_length_2696_cov_2874.107817	56.522	23	10	0	681	613	1070	1138	4.67e-08	28.1
JX306086.1	NODE_4921_length_2696_cov_2874.107817	56.250	32	14	0	786	691	3	98	4.67e-08	26.7
JX306086.1	NODE_4921_length_2696_cov_2874.107817	41.463	41	24	0	354	232	1400	1522	4.67e-08	21.7
JX306086.1	NODE_4921_length_2696_cov_2874.107817	52.778	36	17	0	502	609	1252	1145	1.06e-07	36.3
JX306086.1	NODE_4921_length_2696_cov_2874.107817	54.167	24	11	0	613	684	1138	1067	1.06e-07	35.0
JX306086.1	NODE_4921_length_2696_cov_2874.107817	39.474	38	23	0	244	357	1510	1397	1.06e-07	28.1
JX306086.1	NODE_12_length_19406_cov_3137.394883	84.956	113	17	0	609	947	19	357	5.69e-58	223
JX306086.1	NODE_12_length_19406_cov_3137.394883	76.000	100	24	0	3	302	19102	19401	8.47e-47	186
JX306086.1	NODE_12_length_19406_cov_3137.394883	76.531	98	23	0	907	614	317	24	6.47e-45	170
JX306086.1	NODE_12_length_19406_cov_3137.394883	50.000	20	10	0	942	883	352	293	6.47e-45	29.9
JX306086.1	NODE_12_length_19406_cov_3137.394883	66.667	87	29	0	298	38	19397	19137	4.51e-31	134
JX306086.1	NODE_12_length_19406_cov_3137.394883	49.091	110	56	0	941	612	351	22	5.28e-25	114
JX306086.1	NODE_12_length_19406_cov_3137.394883	45.312	64	35	0	752	943	162	353	3.01e-20	71.6
JX306086.1	NODE_12_length_19406_cov_3137.394883	51.282	39	19	0	613	729	23	139	3.01e-20	46.0
JX306086.1	NODE_12_length_19406_cov_3137.394883	39.683	63	38	0	17	205	19116	19304	9.98e-10	59.3
JX306086.1	NODE_12_length_19406_cov_3137.394883	44.444	18	10	0	244	297	19343	19396	9.98e-10	22.6
JX306086.1	NODE_12_length_19406_cov_3137.394883	54.237	59	27	0	789	613	199	23	5.73e-06	51.0
JX306086.1	NODE_12_length_19406_cov_3137.394883	38.636	88	54	0	281	18	19380	19117	1.37e-04	46.4
JX306086.1	NODE_12_length_19406_cov_3137.394883	47.826	46	24	0	138	1	19237	19100	0.009	40.5
JX306086.1	NODE_12_length_19406_cov_3137.394883	58.333	24	10	0	614	685	24	95	0.042	38.2
JX306086.1	NODE_12_length_19406_cov_3137.394883	64.000	25	9	0	73	147	19172	19246	4.9	31.3
JX306086.1	NODE_14810_length_1664_cov_13.191054	71.875	64	18	0	3	194	1300	1491	6.39e-46	120
JX306086.1	NODE_14810_length_1664_cov_13.191054	72.500	40	11	0	234	353	1543	1662	6.39e-46	69.8
JX306086.1	NODE_14810_length_1664_cov_13.191054	76.923	13	3	0	186	224	1498	1536	6.39e-46	31.8
JX306086.1	NODE_14810_length_1664_cov_13.191054	60.938	64	25	0	193	2	1490	1299	8.25e-23	72.1
JX306086.1	NODE_14810_length_1664_cov_13.191054	48.936	47	24	0	355	215	1664	1524	8.25e-23	54.2
JX306086.1	NODE_14810_length_1664_cov_13.191054	35.938	64	41	0	194	3	1491	1300	2.00e-05	41.4
JX306086.1	NODE_14810_length_1664_cov_13.191054	35.897	39	25	0	353	237	1662	1546	2.00e-05	25.8
JX306086.1	NODE_14810_length_1664_cov_13.191054	36.508	63	40	0	5	193	1302	1490	3.84e-05	48.3
JX306086.1	NODE_25080_length_1283_cov_84.334459	36.585	41	26	0	142	264	889	767	0.006	40.9
JX306086.1	NODE_1783_length_4004_cov_6.679641	40.541	37	22	0	514	624	3474	3584	0.021	31.3
JX306086.1	NODE_1783_length_4004_cov_6.679641	41.667	24	14	0	649	720	3697	3768	0.021	25.4
JX306086.1	NODE_39143_length_1006_cov_5.394708	51.724	29	14	0	775	689	354	440	0.20	35.9
JX306086.1	NODE_16339_length_1589_cov_7.105369	42.424	33	19	0	622	720	1446	1544	0.28	35.4
JX306086.1	NODE_11616_length_1864_cov_66.044193	43.750	32	18	0	186	281	158	63	0.99	33.6
JX306086.1	NODE_11616_length_1864_cov_66.044193	55.000	20	9	0	244	185	100	159	1.4	33.1
JX306086.1	NODE_1230_length_4568_cov_84.723876	38.710	31	19	0	656	564	2572	2664	1.2	31.8
JX306086.1	NODE_1230_length_4568_cov_84.723876	41.667	24	14	0	877	806	2469	2540	1.2	24.0
JX306086.1	NODE_3690_length_3039_cov_210.480612	53.846	13	6	0	857	895	947	985	1.3	24.9
JX306086.1	NODE_3690_length_3039_cov_210.480612	35.294	17	11	0	220	270	266	316	1.3	22.6
JX306086.1	NODE_3690_length_3039_cov_210.480612	41.667	24	14	0	652	723	860	931	1.3	22.6
JX306086.1	NODE_3690_length_3039_cov_210.480612	33.333	39	26	0	453	569	458	574	1.3	21.7
JX306086.1	NODE_18168_length_1509_cov_5.199291	43.750	32	18	0	101	6	803	898	2.6	32.2
JX306086.1	NODE_15540_length_1627_cov_77.522906	24.675	77	58	0	914	684	1358	1128	2.6	32.2
JX306086.1	NODE_21390_length_1394_cov_3.228571	44.444	27	15	0	846	926	1063	1143	3.5	31.8
JX306086.1	NODE_26409_length_1250_cov_14.361425	50.000	16	8	0	622	669	844	891	3.6	31.8
JX306086.1	NODE_30231_length_1165_cov_3.938086	34.615	26	17	0	214	291	536	613	3.7	30.4
JX306086.1	NODE_30231_length_1165_cov_3.938086	41.667	24	14	0	869	940	798	869	3.7	21.7
JX306086.1	NODE_4246_length_2872_cov_150.196538	31.250	48	33	0	271	128	2730	2587	4.9	31.3
JX306086.1	NODE_942_length_5015_cov_18.704028	46.429	28	15	0	815	732	62	145	4.9	31.3
JX306086.1	NODE_3318_length_3177_cov_9.334958	36.364	33	21	0	250	348	2617	2715	4.9	31.3
JX306086.1	NODE_2754_length_3417_cov_13.701326	42.857	21	12	0	495	557	2499	2561	5.8	24.0
JX306086.1	NODE_2754_length_3417_cov_13.701326	42.857	21	12	0	604	666	2539	2601	5.8	24.0
JX306086.1	NODE_39818_length_996_cov_5.685619	34.615	26	17	0	98	21	400	477	6.7	30.9
JX306086.1	NODE_21461_length_1391_cov_21.993034	39.130	23	14	0	272	204	1199	1131	6.7	30.9
JX306086.1	NODE_1342_length_4439_cov_15.508756	52.941	17	8	0	161	211	1371	1321	6.7	30.9
JX306086.1	NODE_8683_length_2115_cov_46.688492	31.818	22	15	0	854	789	630	695	8.0	24.9
JX306086.1	NODE_8683_length_2115_cov_46.688492	42.105	19	11	0	886	830	491	547	8.0	22.6
JX306086.1	NODE_42782_length_956_cov_7.282380	34.483	29	19	0	707	621	287	201	9.2	30.4
JX306086.1	NODE_32907_length_1110_cov_3.533136	40.000	20	12	0	12	71	151	92	9.2	30.4
JX306086.1	NODE_22010_length_1374_cov_10.005490	40.909	22	13	0	872	807	458	523	9.2	30.4
JX306086.1	NODE_9263_length_2058_cov_6.725370	29.730	37	26	0	886	776	337	447	9.2	30.4
JX306086.1	NODE_27424_length_1227_cov_4.687943	58.333	12	5	0	247	282	1046	1081	9.2	30.4
JX306086.1	NODE_5772_length_2532_cov_5.739827	40.909	22	13	0	640	705	1663	1598	9.2	30.4
JX306086.1	NODE_2625_length_3478_cov_14.198875	44.828	29	16	0	643	729	299	213	9.2	30.4
JX306085.1	NODE_17228_length_1549_cov_12.297241	73.427	143	38	0	1	429	116	544	3.54e-163	258
JX306085.1	NODE_17228_length_1549_cov_12.297241	76.000	75	18	0	658	882	776	1000	3.54e-163	134
JX306085.1	NODE_17228_length_1549_cov_12.297241	82.258	62	11	0	490	675	605	790	3.54e-163	131
JX306085.1	NODE_17228_length_1549_cov_12.297241	78.261	46	10	0	916	1053	1034	1171	3.54e-163	90.9
JX306085.1	NODE_17228_length_1549_cov_12.297241	53.846	26	12	0	863	940	980	1057	3.54e-163	38.2
JX306085.1	NODE_17228_length_1549_cov_12.297241	68.421	209	66	0	629	3	744	118	1.41e-104	278
JX306085.1	NODE_17228_length_1549_cov_12.297241	69.697	66	20	0	869	672	987	790	1.41e-104	98.7
JX306085.1	NODE_17228_length_1549_cov_12.297241	77.778	18	4	0	1055	1002	1173	1120	1.41e-104	34.1
JX306085.1	NODE_17228_length_1549_cov_12.297241	48.000	25	13	0	1020	946	1138	1064	1.41e-104	27.2
JX306085.1	NODE_17228_length_1549_cov_12.297241	43.000	100	57	0	666	367	781	482	1.72e-25	66.6
JX306085.1	NODE_17228_length_1549_cov_12.297241	46.429	56	30	0	199	32	314	147	1.72e-25	50.6
JX306085.1	NODE_17228_length_1549_cov_12.297241	45.455	33	18	0	933	835	1050	952	1.72e-25	35.9
JX306085.1	NODE_17228_length_1549_cov_12.297241	52.000	25	12	0	1018	944	1136	1062	1.72e-25	25.8
JX306085.1	NODE_17228_length_1549_cov_12.297241	42.500	80	46	0	384	623	499	738	4.08e-25	64.8
JX306085.1	NODE_17228_length_1549_cov_12.297241	52.941	51	24	0	48	200	163	315	4.08e-25	62.0
JX306085.1	NODE_17228_length_1549_cov_12.297241	40.541	37	22	0	945	1055	1063	1173	4.08e-25	31.8
JX306085.1	NODE_17228_length_1549_cov_12.297241	46.667	45	24	0	198	64	313	179	7.77e-10	46.9
JX306085.1	NODE_17228_length_1549_cov_12.297241	51.020	49	24	0	622	476	737	591	7.77e-10	39.6
JX306085.1	NODE_17228_length_1549_cov_12.297241	48.438	64	33	0	14	205	129	320	3.69e-07	42.3
JX306085.1	NODE_17228_length_1549_cov_12.297241	68.421	19	6	0	569	625	684	740	3.69e-07	35.0
JX306085.1	NODE_13005_length_1768_cov_14.022768	79.528	127	26	0	490	870	1097	1477	1.67e-149	259
JX306085.1	NODE_13005_length_1768_cov_14.022768	67.164	67	22	0	22	222	618	818	1.67e-149	125
JX306085.1	NODE_13005_length_1768_cov_14.022768	71.111	45	13	0	916	1050	1523	1657	1.67e-149	82.6
JX306085.1	NODE_13005_length_1768_cov_14.022768	71.739	46	13	0	292	429	899	1036	1.67e-149	80.3
JX306085.1	NODE_13005_length_1768_cov_14.022768	62.500	24	9	0	863	934	1469	1540	1.67e-149	46.9
JX306085.1	NODE_13005_length_1768_cov_14.022768	76.923	13	3	0	244	282	854	892	1.67e-149	31.8
JX306085.1	NODE_13005_length_1768_cov_14.022768	56.784	199	86	0	869	273	1476	880	2.05e-72	200
JX306085.1	NODE_13005_length_1768_cov_14.022768	70.909	55	16	0	209	45	805	641	2.05e-72	72.5
JX306085.1	NODE_13005_length_1768_cov_14.022768	68.182	22	7	0	1051	986	1658	1593	2.05e-72	38.2
JX306085.1	NODE_13005_length_1768_cov_14.022768	40.000	125	75	0	891	517	1498	1124	2.22e-32	100
JX306085.1	NODE_13005_length_1768_cov_14.022768	39.623	53	32	0	222	64	818	660	2.22e-32	38.6
JX306085.1	NODE_13005_length_1768_cov_14.022768	60.870	23	9	0	1050	982	1657	1589	2.22e-32	35.4
JX306085.1	NODE_13005_length_1768_cov_14.022768	45.714	35	19	0	462	358	1069	965	2.22e-32	29.0
JX306085.1	NODE_13005_length_1768_cov_14.022768	39.130	46	28	0	63	200	659	796	2.37e-21	44.6
JX306085.1	NODE_13005_length_1768_cov_14.022768	41.379	58	34	0	548	721	1155	1328	2.37e-21	44.6
JX306085.1	NODE_13005_length_1768_cov_14.022768	65.217	23	8	0	987	1055	1594	1662	2.37e-21	41.8
JX306085.1	NODE_13005_length_1768_cov_14.022768	42.857	35	20	0	360	464	967	1071	2.37e-21	34.1
JX306085.1	NODE_13005_length_1768_cov_14.022768	35.385	65	42	0	549	743	1156	1350	8.20e-12	44.6
JX306085.1	NODE_13005_length_1768_cov_14.022768	57.143	28	12	0	968	1051	1575	1658	8.20e-12	35.9
JX306085.1	NODE_13005_length_1768_cov_14.022768	42.857	49	28	0	62	208	658	804	8.20e-12	26.7
JX306085.1	NODE_13005_length_1768_cov_14.022768	42.105	38	22	0	299	412	906	1019	8.20e-12	24.4
JX306085.1	NODE_13005_length_1768_cov_14.022768	45.946	37	20	0	793	683	1400	1290	2.86e-10	35.4
JX306085.1	NODE_13005_length_1768_cov_14.022768	39.024	41	25	0	643	521	1250	1128	2.86e-10	33.6
JX306085.1	NODE_13005_length_1768_cov_14.022768	72.222	18	5	0	1055	1002	1662	1609	2.86e-10	32.2
JX306085.1	NODE_13005_length_1768_cov_14.022768	50.000	24	12	0	133	62	729	658	2.86e-10	24.9
JX306085.1	NODE_28329_length_1206_cov_6.258356	78.378	111	24	0	490	822	874	1206	3.21e-115	226
JX306085.1	NODE_28329_length_1206_cov_6.258356	66.234	77	26	0	22	252	394	624	3.21e-115	135
JX306085.1	NODE_28329_length_1206_cov_6.258356	71.739	46	13	0	292	429	676	813	3.21e-115	80.3
JX306085.1	NODE_28329_length_1206_cov_6.258356	76.923	13	3	0	244	282	631	669	3.21e-115	31.8
JX306085.1	NODE_28329_length_1206_cov_6.258356	56.284	183	80	0	821	273	1205	657	8.61e-63	185
JX306085.1	NODE_28329_length_1206_cov_6.258356	59.155	71	29	0	251	39	623	411	8.61e-63	75.3
JX306085.1	NODE_28329_length_1206_cov_6.258356	41.176	102	60	0	822	517	1206	901	2.21e-24	82.2
JX306085.1	NODE_28329_length_1206_cov_6.258356	40.351	57	34	0	465	295	849	679	2.21e-24	35.0
JX306085.1	NODE_28329_length_1206_cov_6.258356	31.746	63	43	0	252	64	624	436	2.21e-24	32.2
JX306085.1	NODE_28329_length_1206_cov_6.258356	44.828	58	32	0	548	721	932	1105	5.71e-18	52.4
JX306085.1	NODE_28329_length_1206_cov_6.258356	39.583	48	29	0	57	200	429	572	5.71e-18	45.5
JX306085.1	NODE_28329_length_1206_cov_6.258356	42.857	35	20	0	360	464	744	848	5.71e-18	35.4
JX306085.1	NODE_28329_length_1206_cov_6.258356	38.710	93	57	0	793	515	1177	899	1.31e-11	60.2
JX306085.1	NODE_28329_length_1206_cov_6.258356	66.667	18	6	0	109	56	481	428	1.31e-11	26.3
JX306085.1	NODE_28329_length_1206_cov_6.258356	40.000	30	18	0	281	192	668	579	1.31e-11	24.9
JX306085.1	NODE_28329_length_1206_cov_6.258356	34.667	75	49	0	519	743	903	1127	2.69e-06	43.7
JX306085.1	NODE_28329_length_1206_cov_6.258356	42.105	38	22	0	299	412	683	796	2.69e-06	26.7
JX306085.1	NODE_4921_length_2696_cov_2874.107817	82.540	63	11	0	490	678	1322	1134	2.47e-94	137
JX306085.1	NODE_4921_length_2696_cov_2874.107817	75.926	54	13	0	268	429	1544	1383	2.47e-94	96.8
JX306085.1	NODE_4921_length_2696_cov_2874.107817	100.000	33	0	0	748	846	99	1	2.47e-94	80.8
JX306085.1	NODE_4921_length_2696_cov_2874.107817	66.667	36	12	0	172	279	2694	2587	2.47e-94	62.5
JX306085.1	NODE_4921_length_2696_cov_2874.107817	92.000	25	2	0	667	741	1142	1068	2.47e-94	57.4
JX306085.1	NODE_4921_length_2696_cov_2874.107817	68.333	120	38	0	629	270	1183	1542	3.32e-66	154
JX306085.1	NODE_4921_length_2696_cov_2874.107817	90.625	32	3	0	845	750	2	97	3.32e-66	62.9
JX306085.1	NODE_4921_length_2696_cov_2874.107817	80.000	25	5	0	746	672	1063	1137	3.32e-66	52.4
JX306085.1	NODE_4921_length_2696_cov_2874.107817	61.111	36	14	0	278	171	2588	2695	3.32e-66	50.1
JX306085.1	NODE_4921_length_2696_cov_2874.107817	48.305	118	61	0	654	301	1158	1511	1.75e-29	95.5
JX306085.1	NODE_4921_length_2696_cov_2874.107817	54.545	33	15	0	846	748	1	99	1.75e-29	48.3
JX306085.1	NODE_4921_length_2696_cov_2874.107817	41.176	34	20	0	771	670	1038	1139	1.75e-29	31.3
JX306085.1	NODE_4921_length_2696_cov_2874.107817	44.898	98	54	0	372	665	1440	1147	4.06e-24	92.7
JX306085.1	NODE_4921_length_2696_cov_2874.107817	58.333	24	10	0	672	743	1137	1066	4.06e-24	38.2
JX306085.1	NODE_4921_length_2696_cov_2874.107817	45.763	59	32	0	655	479	1157	1333	3.26e-08	42.8
JX306085.1	NODE_4921_length_2696_cov_2874.107817	56.522	23	10	0	739	671	1070	1138	3.26e-08	28.1
JX306085.1	NODE_4921_length_2696_cov_2874.107817	43.902	41	23	0	412	290	1400	1522	3.26e-08	22.6
JX306085.1	NODE_4921_length_2696_cov_2874.107817	52.778	36	17	0	560	667	1252	1145	3.39e-08	36.3
JX306085.1	NODE_4921_length_2696_cov_2874.107817	54.167	24	11	0	671	742	1138	1067	3.39e-08	35.0
JX306085.1	NODE_4921_length_2696_cov_2874.107817	42.105	38	22	0	302	415	1510	1397	3.39e-08	30.4
JX306085.1	NODE_12_length_19406_cov_3137.394883	85.915	71	10	0	667	879	19	231	6.29e-62	142
JX306085.1	NODE_12_length_19406_cov_3137.394883	82.222	45	8	0	916	1050	268	402	6.29e-62	91.8
JX306085.1	NODE_12_length_19406_cov_3137.394883	70.833	24	7	0	863	934	214	285	6.29e-62	41.8
JX306085.1	NODE_12_length_19406_cov_3137.394883	75.207	121	30	0	1	363	19042	19404	1.43e-59	229
JX306085.1	NODE_12_length_19406_cov_3137.394883	80.303	66	13	0	869	672	221	24	5.28e-41	119
JX306085.1	NODE_12_length_19406_cov_3137.394883	66.667	24	8	0	933	862	284	213	5.28e-41	44.6
JX306085.1	NODE_12_length_19406_cov_3137.394883	53.333	30	14	0	1030	941	382	293	5.28e-41	41.8
JX306085.1	NODE_12_length_19406_cov_3137.394883	66.116	121	41	0	365	3	19406	19044	1.32e-38	159
JX306085.1	NODE_12_length_19406_cov_3137.394883	52.459	61	29	0	852	670	204	22	1.80e-21	77.1
JX306085.1	NODE_12_length_19406_cov_3137.394883	55.882	34	15	0	1041	940	393	292	1.80e-21	37.7
JX306085.1	NODE_12_length_19406_cov_3137.394883	45.455	22	12	0	931	866	282	217	1.80e-21	24.4
JX306085.1	NODE_12_length_19406_cov_3137.394883	51.515	33	16	0	942	1040	294	392	1.55e-18	47.8
JX306085.1	NODE_12_length_19406_cov_3137.394883	51.282	39	19	0	671	787	23	139	1.55e-18	46.0
JX306085.1	NODE_12_length_19406_cov_3137.394883	62.500	16	6	0	886	933	237	284	1.55e-18	35.4
JX306085.1	NODE_12_length_19406_cov_3137.394883	40.000	75	45	0	39	263	19080	19304	4.96e-13	68.4
JX306085.1	NODE_12_length_19406_cov_3137.394883	50.000	18	9	0	302	355	19343	19396	4.96e-13	24.9
JX306085.1	NODE_12_length_19406_cov_3137.394883	54.237	59	27	0	847	671	199	23	1.50e-11	51.0
JX306085.1	NODE_12_length_19406_cov_3137.394883	79.487	39	8	0	1055	939	407	291	1.50e-11	37.3
JX306085.1	NODE_12_length_19406_cov_3137.394883	50.000	52	26	0	196	41	19237	19082	1.68e-05	49.6
JX306085.1	NODE_12_length_19406_cov_3137.394883	58.333	24	10	0	672	743	24	95	8.29e-05	38.2
JX306085.1	NODE_12_length_19406_cov_3137.394883	40.426	47	28	0	908	1048	260	400	8.29e-05	34.5
JX306085.1	NODE_12_length_19406_cov_3137.394883	48.837	43	22	0	204	76	19245	19117	0.065	37.7
JX306085.1	NODE_12_length_19406_cov_3137.394883	64.000	25	9	0	131	205	19172	19246	5.5	31.3
JX306085.1	NODE_14810_length_1664_cov_13.191054	64.935	77	27	0	22	252	1261	1491	5.58e-52	133
JX306085.1	NODE_14810_length_1664_cov_13.191054	80.000	40	8	0	292	411	1543	1662	5.58e-52	77.6
JX306085.1	NODE_14810_length_1664_cov_13.191054	76.923	13	3	0	244	282	1498	1536	5.58e-52	31.8
JX306085.1	NODE_14810_length_1664_cov_13.191054	60.870	69	27	0	251	45	1490	1284	4.15e-27	77.1
JX306085.1	NODE_14810_length_1664_cov_13.191054	55.319	47	21	0	413	273	1664	1524	4.15e-27	63.8
JX306085.1	NODE_14810_length_1664_cov_13.191054	36.508	63	40	0	63	251	1302	1490	4.22e-07	47.8
JX306085.1	NODE_14810_length_1664_cov_13.191054	39.474	38	23	0	299	412	1550	1663	4.22e-07	25.4
JX306085.1	NODE_14810_length_1664_cov_13.191054	36.508	63	40	0	252	64	1491	1303	1.23e-05	40.0
JX306085.1	NODE_14810_length_1664_cov_13.191054	38.462	39	24	0	411	295	1662	1546	1.23e-05	28.1
JX306085.1	NODE_25080_length_1283_cov_84.334459	36.585	41	26	0	200	322	889	767	0.013	40.0
JX306085.1	NODE_1783_length_4004_cov_6.679641	40.541	37	22	0	572	682	3474	3584	0.023	31.3
JX306085.1	NODE_1783_length_4004_cov_6.679641	41.667	24	14	0	707	778	3697	3768	0.023	25.4
JX306085.1	NODE_39143_length_1006_cov_5.394708	51.724	29	14	0	833	747	354	440	0.23	35.9
JX306085.1	NODE_16339_length_1589_cov_7.105369	42.424	33	19	0	680	778	1446	1544	0.32	35.4
JX306085.1	NODE_11616_length_1864_cov_66.044193	43.750	32	18	0	244	339	158	63	1.1	33.6
JX306085.1	NODE_11616_length_1864_cov_66.044193	55.000	20	9	0	302	243	100	159	1.6	33.1
JX306085.1	NODE_31669_length_1134_cov_3.015459	45.161	31	17	0	1051	959	878	786	1.6	33.1
JX306085.1	NODE_34418_length_1083_cov_3.141260	30.556	36	25	0	846	739	880	987	1.6	27.2
JX306085.1	NODE_34418_length_1083_cov_3.141260	56.250	16	7	0	892	845	782	829	1.6	23.1
JX306085.1	NODE_28706_length_1197_cov_7.463570	31.111	45	31	0	456	322	990	856	2.1	32.7
JX306085.1	NODE_46656_length_906_cov_8.734820	68.750	16	5	0	879	832	283	330	2.9	32.2
JX306085.1	NODE_18168_length_1509_cov_5.199291	43.750	32	18	0	159	64	803	898	2.9	32.2
JX306085.1	NODE_10062_length_1987_cov_83.826271	53.846	26	12	0	302	379	780	703	2.9	32.2
JX306085.1	NODE_10704_length_1933_cov_16.511996	42.857	21	12	0	429	491	1328	1266	3.0	25.4
JX306085.1	NODE_10704_length_1933_cov_16.511996	63.636	11	4	0	1007	1039	885	853	3.0	24.4
JX306085.1	NODE_10704_length_1933_cov_16.511996	46.154	13	7	0	51	89	1768	1730	3.0	22.1
JX306085.1	NODE_34973_length_1072_cov_21.538541	70.000	10	3	0	873	844	461	490	3.4	24.0
JX306085.1	NODE_34973_length_1072_cov_21.538541	64.286	14	5	0	154	113	834	875	3.4	23.5
JX306085.1	NODE_34973_length_1072_cov_21.538541	46.667	15	8	0	1026	982	3	47	3.4	22.6
JX306085.1	NODE_26409_length_1250_cov_14.361425	50.000	16	8	0	680	727	844	891	4.0	31.8
JX306085.1	NODE_25408_length_1275_cov_16.380102	43.478	23	13	0	305	373	665	733	4.0	31.8
JX306085.1	NODE_1230_length_4568_cov_84.723876	38.710	31	19	0	714	622	2572	2664	4.0	31.8
JX306085.1	NODE_22115_length_1371_cov_5.634434	42.857	28	16	0	958	1041	754	837	5.5	31.3
JX306085.1	NODE_17067_length_1556_cov_17.467399	28.070	57	41	0	915	745	289	119	5.5	31.3
JX306085.1	NODE_16507_length_1582_cov_6.486177	40.625	32	19	0	37	132	1247	1152	5.5	31.3
JX306085.1	NODE_1738_length_4047_cov_63.874620	32.432	37	25	0	898	1008	1909	2019	5.5	31.3
JX306085.1	NODE_2754_length_3417_cov_13.701326	42.857	21	12	0	553	615	2499	2561	6.5	24.0
JX306085.1	NODE_2754_length_3417_cov_13.701326	42.857	21	12	0	662	724	2539	2601	6.5	24.0
JX306085.1	NODE_2540_length_3511_cov_36.173212	50.000	24	12	0	314	385	1345	1274	6.8	30.4
JX306085.1	NODE_2540_length_3511_cov_36.173212	75.000	8	2	0	290	313	2267	2244	6.8	22.6
JX306085.1	NODE_39818_length_996_cov_5.685619	34.615	26	17	0	156	79	400	477	7.6	30.9
JX306085.1	NODE_21461_length_1391_cov_21.993034	39.130	23	14	0	330	262	1199	1131	7.6	30.9
JX306085.1	NODE_9871_length_2002_cov_12.437204	41.935	31	18	0	317	409	392	484	7.6	30.9
JX306085.1	NODE_1342_length_4439_cov_15.508756	52.941	17	8	0	219	269	1371	1321	7.6	30.9
JX306085.1	NODE_942_length_5015_cov_18.704028	48.000	25	13	0	864	790	71	145	7.6	30.9
YP_001648644.1	NODE_13005_length_1768_cov_14.022768	73.214	224	60	0	646	1317	1097	1768	0.0	433
YP_001648644.1	NODE_13005_length_1768_cov_14.022768	66.667	66	22	0	178	375	618	815	0.0	123
YP_001648644.1	NODE_13005_length_1768_cov_14.022768	71.739	46	13	0	448	585	899	1036	0.0	77.1
YP_001648644.1	NODE_13005_length_1768_cov_14.022768	64.286	42	15	0	49	174	486	611	0.0	68.4
YP_001648644.1	NODE_13005_length_1768_cov_14.022768	76.923	13	3	0	400	438	854	892	0.0	31.8
YP_001648644.1	NODE_13005_length_1768_cov_14.022768	56.213	169	74	0	935	429	1386	880	1.41e-82	184
YP_001648644.1	NODE_13005_length_1768_cov_14.022768	52.830	53	25	0	1316	1158	1767	1609	1.41e-82	60.2
YP_001648644.1	NODE_13005_length_1768_cov_14.022768	75.000	32	8	0	365	270	805	710	1.41e-82	55.1
YP_001648644.1	NODE_13005_length_1768_cov_14.022768	44.186	43	24	0	176	48	613	485	1.41e-82	42.8
YP_001648644.1	NODE_13005_length_1768_cov_14.022768	41.860	43	25	0	1112	984	1563	1435	1.41e-82	40.5
YP_001648644.1	NODE_13005_length_1768_cov_14.022768	37.500	112	70	0	1008	673	1459	1124	1.09e-26	79.9
YP_001648644.1	NODE_13005_length_1768_cov_14.022768	42.000	50	29	0	366	217	806	657	1.09e-26	43.7
YP_001648644.1	NODE_13005_length_1768_cov_14.022768	37.736	53	33	0	1279	1121	1730	1572	1.09e-26	42.8
YP_001648644.1	NODE_13005_length_1768_cov_14.022768	45.614	57	31	0	1122	1292	1573	1743	2.76e-17	53.3
YP_001648644.1	NODE_13005_length_1768_cov_14.022768	37.255	51	32	0	725	877	1176	1328	2.76e-17	40.0
YP_001648644.1	NODE_13005_length_1768_cov_14.022768	37.778	45	28	0	219	353	659	793	2.76e-17	38.2
YP_001648644.1	NODE_13005_length_1768_cov_14.022768	60.000	15	6	0	1049	1093	1500	1544	2.76e-17	22.1
YP_001648644.1	NODE_13005_length_1768_cov_14.022768	33.333	60	40	0	1227	1048	1678	1499	2.90e-09	39.6
YP_001648644.1	NODE_13005_length_1768_cov_14.022768	45.946	37	20	0	949	839	1400	1290	2.90e-09	35.4
YP_001648644.1	NODE_13005_length_1768_cov_14.022768	47.059	34	18	0	319	218	759	658	2.90e-09	31.3
YP_001648644.1	NODE_13005_length_1768_cov_14.022768	33.962	53	35	0	1124	1282	1575	1733	0.018	29.5
YP_001648644.1	NODE_13005_length_1768_cov_14.022768	30.508	59	41	0	723	899	1174	1350	0.018	29.0
YP_001648644.1	NODE_13005_length_1768_cov_14.022768	48.387	31	16	0	245	337	685	777	0.018	23.5
YP_001648644.1	NODE_17228_length_1549_cov_12.297241	71.300	223	64	0	814	1482	776	1444	0.0	388
YP_001648644.1	NODE_17228_length_1549_cov_12.297241	70.000	180	54	0	46	585	5	544	0.0	310
YP_001648644.1	NODE_17228_length_1549_cov_12.297241	80.645	62	12	0	646	831	605	790	0.0	131
YP_001648644.1	NODE_17228_length_1549_cov_12.297241	52.174	23	11	0	1507	1575	1478	1546	0.0	31.8
YP_001648644.1	NODE_17228_length_1549_cov_12.297241	64.706	17	6	0	593	643	552	602	0.0	29.5
YP_001648644.1	NODE_17228_length_1549_cov_12.297241	63.953	172	62	0	785	270	744	229	2.32e-131	248
YP_001648644.1	NODE_17228_length_1549_cov_12.297241	64.286	84	30	0	1409	1158	1371	1120	2.32e-131	117
YP_001648644.1	NODE_17228_length_1549_cov_12.297241	60.377	53	21	0	218	60	177	19	2.32e-131	62.9
YP_001648644.1	NODE_17228_length_1549_cov_12.297241	61.364	44	17	0	1115	984	1077	946	2.32e-131	62.5
YP_001648644.1	NODE_17228_length_1549_cov_12.297241	63.889	36	13	0	935	828	897	790	2.32e-131	51.0
YP_001648644.1	NODE_17228_length_1549_cov_12.297241	48.148	27	14	0	1180	1100	1142	1062	2.32e-131	23.5
YP_001648644.1	NODE_17228_length_1549_cov_12.297241	31.410	156	107	0	1458	991	1420	953	5.63e-36	72.5
YP_001648644.1	NODE_17228_length_1549_cov_12.297241	44.000	100	56	0	822	523	781	482	5.63e-36	72.5
YP_001648644.1	NODE_17228_length_1549_cov_12.297241	43.396	53	30	0	345	187	304	146	5.63e-36	52.4
YP_001648644.1	NODE_17228_length_1549_cov_12.297241	30.556	144	100	0	1026	1457	988	1419	1.71e-29	68.9
YP_001648644.1	NODE_17228_length_1549_cov_12.297241	46.939	49	26	0	204	350	163	309	1.71e-29	55.1
YP_001648644.1	NODE_17228_length_1549_cov_12.297241	43.284	67	38	0	579	779	538	738	1.71e-29	51.5
YP_001648644.1	NODE_17228_length_1549_cov_12.297241	40.000	55	33	0	352	188	311	147	0.008	40.9
YP_001648644.1	NODE_17228_length_1549_cov_12.297241	52.000	25	12	0	700	626	659	585	0.008	22.6
YP_001648644.1	NODE_17228_length_1549_cov_12.297241	49.091	55	28	0	188	352	147	311	4.7	32.2
YP_001648644.1	NODE_28329_length_1206_cov_6.258356	76.577	111	26	0	646	978	874	1206	1.63e-127	225
YP_001648644.1	NODE_28329_length_1206_cov_6.258356	64.935	77	27	0	178	408	394	624	1.63e-127	133
YP_001648644.1	NODE_28329_length_1206_cov_6.258356	71.739	46	13	0	448	585	676	813	1.63e-127	77.1
YP_001648644.1	NODE_28329_length_1206_cov_6.258356	61.905	42	16	0	49	174	262	387	1.63e-127	67.0
YP_001648644.1	NODE_28329_length_1206_cov_6.258356	76.923	13	3	0	400	438	631	669	1.63e-127	31.8
YP_001648644.1	NODE_28329_length_1206_cov_6.258356	55.030	169	76	0	935	429	1163	657	5.66e-67	185
YP_001648644.1	NODE_28329_length_1206_cov_6.258356	54.348	46	21	0	407	270	623	486	5.66e-67	52.4
YP_001648644.1	NODE_28329_length_1206_cov_6.258356	41.860	43	25	0	176	48	389	261	5.66e-67	40.0
YP_001648644.1	NODE_28329_length_1206_cov_6.258356	52.000	25	12	0	286	212	502	428	5.66e-67	28.1
YP_001648644.1	NODE_28329_length_1206_cov_6.258356	61.538	13	5	0	437	399	668	630	5.66e-67	24.0
YP_001648644.1	NODE_28329_length_1206_cov_6.258356	37.755	98	61	0	966	673	1194	901	1.79e-15	67.5
YP_001648644.1	NODE_28329_length_1206_cov_6.258356	32.759	58	39	0	366	193	582	409	1.79e-15	39.1
YP_001648644.1	NODE_28329_length_1206_cov_6.258356	41.176	51	30	0	725	877	953	1105	4.41e-10	47.8
YP_001648644.1	NODE_28329_length_1206_cov_6.258356	44.737	38	21	0	213	326	429	542	4.41e-10	40.5
YP_001648644.1	NODE_28329_length_1206_cov_6.258356	34.409	93	61	0	949	671	1177	899	9.55e-05	47.8
YP_001648644.1	NODE_12_length_19406_cov_3137.394883	78.829	222	47	0	823	1488	19	684	1.42e-119	416
YP_001648644.1	NODE_12_length_19406_cov_3137.394883	61.905	21	8	0	1507	1569	712	774	1.42e-119	34.5
YP_001648644.1	NODE_12_length_19406_cov_3137.394883	72.152	158	44	0	46	519	18931	19404	2.47e-76	285
YP_001648644.1	NODE_12_length_19406_cov_3137.394883	71.127	142	41	0	1409	984	605	180	1.85e-62	190
YP_001648644.1	NODE_12_length_19406_cov_3137.394883	80.556	36	7	0	935	828	131	24	1.85e-62	69.3
YP_001648644.1	NODE_12_length_19406_cov_3137.394883	68.675	83	26	0	521	273	19406	19158	1.14e-47	133
YP_001648644.1	NODE_12_length_19406_cov_3137.394883	52.857	70	33	0	218	9	19103	18894	1.14e-47	77.6
YP_001648644.1	NODE_12_length_19406_cov_3137.394883	47.418	213	112	0	1464	826	660	22	4.67e-44	178
YP_001648644.1	NODE_12_length_19406_cov_3137.394883	40.120	167	100	0	963	1463	159	659	3.05e-41	145
YP_001648644.1	NODE_12_length_19406_cov_3137.394883	51.429	35	17	0	827	931	23	127	3.05e-41	43.7
YP_001648644.1	NODE_12_length_19406_cov_3137.394883	44.624	186	103	0	1384	827	580	23	6.95e-29	127
YP_001648644.1	NODE_12_length_19406_cov_3137.394883	47.107	121	64	0	1040	1402	236	598	2.66e-19	85.4
YP_001648644.1	NODE_12_length_19406_cov_3137.394883	58.333	24	10	0	828	899	24	95	2.66e-19	38.2
YP_001648644.1	NODE_12_length_19406_cov_3137.394883	41.758	91	53	0	195	467	19080	19352	4.00e-14	79.0
YP_001648644.1	NODE_12_length_19406_cov_3137.394883	41.000	100	59	0	360	61	19245	18946	7.84e-13	57.9
YP_001648644.1	NODE_12_length_19406_cov_3137.394883	41.463	41	24	0	510	388	19395	19273	7.84e-13	35.4
YP_001648644.1	NODE_12_length_19406_cov_3137.394883	59.649	57	23	0	191	361	19076	19246	4.48e-07	50.6
YP_001648644.1	NODE_12_length_19406_cov_3137.394883	37.143	35	22	0	407	511	19292	19396	4.48e-07	23.1
YP_001648644.1	NODE_12_length_19406_cov_3137.394883	52.830	53	25	0	355	197	19240	19082	1.12e-06	54.2
YP_001648644.1	NODE_4921_length_2696_cov_2874.107817	80.952	63	12	0	646	834	1322	1134	1.07e-92	137
YP_001648644.1	NODE_4921_length_2696_cov_2874.107817	75.926	54	13	0	424	585	1544	1383	1.07e-92	95.0
YP_001648644.1	NODE_4921_length_2696_cov_2874.107817	96.970	33	1	0	904	1002	99	1	1.07e-92	80.3
YP_001648644.1	NODE_4921_length_2696_cov_2874.107817	66.667	36	12	0	328	435	2694	2587	1.07e-92	61.6
YP_001648644.1	NODE_4921_length_2696_cov_2874.107817	92.000	25	2	0	823	897	1142	1068	1.07e-92	57.4
YP_001648644.1	NODE_4921_length_2696_cov_2874.107817	56.250	16	7	0	596	643	1372	1325	1.07e-92	21.7
YP_001648644.1	NODE_4921_length_2696_cov_2874.107817	70.000	120	36	0	785	426	1183	1542	1.08e-70	187
YP_001648644.1	NODE_4921_length_2696_cov_2874.107817	80.000	25	5	0	902	828	1063	1137	1.08e-70	52.4
YP_001648644.1	NODE_4921_length_2696_cov_2874.107817	61.111	36	14	0	434	327	2588	2695	1.08e-70	49.2
YP_001648644.1	NODE_4921_length_2696_cov_2874.107817	54.545	33	15	0	1002	904	1	99	1.08e-70	48.7
YP_001648644.1	NODE_4921_length_2696_cov_2874.107817	46.512	129	69	0	810	424	1158	1544	1.89e-24	100
YP_001648644.1	NODE_4921_length_2696_cov_2874.107817	41.176	34	20	0	927	826	1038	1139	1.89e-24	31.3
YP_001648644.1	NODE_4921_length_2696_cov_2874.107817	56.250	32	14	0	1000	905	3	98	1.89e-24	28.6
YP_001648644.1	NODE_4921_length_2696_cov_2874.107817	43.478	92	52	0	546	821	1422	1147	2.18e-23	80.3
YP_001648644.1	NODE_4921_length_2696_cov_2874.107817	58.333	24	10	0	828	899	1137	1066	2.18e-23	38.2
YP_001648644.1	NODE_4921_length_2696_cov_2874.107817	48.485	33	17	0	458	556	1510	1412	2.18e-23	28.1
YP_001648644.1	NODE_4921_length_2696_cov_2874.107817	54.167	24	11	0	827	898	1138	1067	2.52e-06	35.0
YP_001648644.1	NODE_4921_length_2696_cov_2874.107817	47.222	36	19	0	716	823	1252	1145	2.52e-06	34.5
YP_001648644.1	NODE_4921_length_2696_cov_2874.107817	36.667	30	19	0	330	419	2692	2603	2.52e-06	27.6
YP_001648644.1	NODE_4921_length_2696_cov_2874.107817	41.573	89	52	0	811	545	1157	1423	6.40e-05	38.2
YP_001648644.1	NODE_4921_length_2696_cov_2874.107817	56.522	23	10	0	895	827	1070	1138	6.40e-05	28.1
YP_001648644.1	NODE_14810_length_1664_cov_13.191054	63.636	77	28	0	178	408	1261	1491	4.55e-65	131
YP_001648644.1	NODE_14810_length_1664_cov_13.191054	77.500	40	9	0	448	567	1543	1662	4.55e-65	74.4
YP_001648644.1	NODE_14810_length_1664_cov_13.191054	64.286	42	15	0	49	174	1129	1254	4.55e-65	68.4
YP_001648644.1	NODE_14810_length_1664_cov_13.191054	76.923	13	3	0	400	438	1498	1536	4.55e-65	31.8
YP_001648644.1	NODE_14810_length_1664_cov_13.191054	60.870	46	18	0	407	270	1490	1353	8.11e-28	59.7
YP_001648644.1	NODE_14810_length_1664_cov_13.191054	55.556	45	20	0	563	429	1658	1524	8.11e-28	59.3
YP_001648644.1	NODE_14810_length_1664_cov_13.191054	44.186	43	24	0	176	48	1256	1128	8.11e-28	42.8
YP_001648644.1	NODE_14810_length_1664_cov_13.191054	34.921	63	41	0	219	407	1302	1490	0.004	42.3
YP_001648644.1	NODE_14810_length_1664_cov_13.191054	34.921	63	41	0	405	217	1488	1300	0.008	41.4
YP_001648644.1	NODE_2176_length_3704_cov_27.970319	63.158	19	7	0	1531	1587	1994	2050	0.075	38.2
YP_001648644.1	NODE_25080_length_1283_cov_84.334459	34.146	41	27	0	356	478	889	767	0.20	36.8
YP_001648644.1	NODE_29980_length_1170_cov_7.008403	52.941	17	8	0	419	469	629	579	0.79	28.1
YP_001648644.1	NODE_29980_length_1170_cov_7.008403	52.941	17	8	0	1076	1126	397	347	0.79	28.1
YP_001648644.1	NODE_16339_length_1589_cov_7.105369	43.333	30	17	0	836	925	1446	1535	0.96	34.5
YP_001648644.1	NODE_1783_length_4004_cov_6.679641	35.135	37	24	0	728	838	3474	3584	1.7	25.8
YP_001648644.1	NODE_1783_length_4004_cov_6.679641	43.478	23	13	0	863	931	3697	3765	1.7	24.9
YP_001648644.1	NODE_11616_length_1864_cov_66.044193	43.750	32	18	0	400	495	158	63	1.8	33.6
YP_001648644.1	NODE_11616_length_1864_cov_66.044193	55.000	20	9	0	458	399	100	159	2.5	33.1
YP_001648644.1	NODE_34317_length_1084_cov_6.957360	43.478	23	13	0	1118	1186	810	878	3.4	32.7
YP_001648644.1	NODE_4705_length_2745_cov_21.691232	54.545	22	10	0	1034	1099	1760	1695	3.4	32.7
YP_001648644.1	NODE_4028_length_2933_cov_61.566690	42.857	21	12	0	573	511	957	895	3.9	27.6
YP_001648644.1	NODE_4028_length_2933_cov_61.566690	88.889	9	1	0	768	742	1141	1115	3.9	23.5
YP_001648644.1	NODE_4028_length_2933_cov_61.566690	35.714	28	18	0	352	269	254	171	3.9	23.5
YP_001648644.1	NODE_46656_length_906_cov_8.734820	52.381	21	10	0	1023	961	295	357	4.7	32.2
YP_001648644.1	NODE_1230_length_4568_cov_84.723876	38.710	31	19	0	870	778	2572	2664	4.7	31.3
YP_001648644.1	NODE_1230_length_4568_cov_84.723876	41.667	24	14	0	1091	1020	2469	2540	4.7	24.0
YP_001648644.1	NODE_2754_length_3417_cov_13.701326	43.478	23	13	0	812	880	2533	2601	5.5	24.9
YP_001648644.1	NODE_2754_length_3417_cov_13.701326	42.857	21	12	0	709	771	2499	2561	5.5	24.0
YP_001648644.1	NODE_28048_length_1212_cov_51.432165	36.667	30	19	0	593	504	758	847	6.0	24.9
YP_001648644.1	NODE_28048_length_1212_cov_51.432165	42.857	21	12	0	410	348	962	1024	6.0	24.0
YP_001648644.1	NODE_16810_length_1568_cov_28.982982	44.444	27	15	0	61	141	989	909	6.1	28.6
YP_001648644.1	NODE_16810_length_1568_cov_28.982982	33.333	24	16	0	1243	1314	282	211	6.1	24.9
YP_001648644.1	NODE_16205_length_1595_cov_29.756016	44.444	27	15	0	61	141	583	663	6.2	28.6
YP_001648644.1	NODE_16205_length_1595_cov_29.756016	33.333	24	16	0	1243	1314	1290	1361	6.2	24.9
YP_001648644.1	NODE_26409_length_1250_cov_14.361425	50.000	16	8	0	836	883	844	891	6.4	31.8
YP_001648644.1	NODE_21495_length_1390_cov_15.599535	47.619	21	11	0	213	275	853	915	6.4	31.8
YP_001648644.1	NODE_3103_length_3262_cov_11.185267	61.111	18	7	0	235	182	2361	2308	6.4	31.8
YP_001648644.1	NODE_1859_length_3947_cov_73.952703	31.034	29	20	0	461	547	150	64	6.4	31.8
YP_001648644.1	NODE_21390_length_1394_cov_3.228571	44.444	27	15	0	1060	1140	1063	1143	6.4	31.8
YP_001648644.1	NODE_12693_length_1787_cov_26.820498	52.174	23	11	0	1507	1575	84	16	6.4	31.8
YP_001648644.1	NODE_11787_length_1850_cov_10.701314	24.138	58	44	0	1066	1239	214	387	6.4	31.8
YP_001648644.1	NODE_1283_length_4510_cov_126.477669	40.000	30	18	0	136	225	590	679	6.4	31.8
YP_001648644.1	NODE_373_length_6832_cov_7.828754	48.000	25	13	0	218	144	3497	3571	6.6	30.4
YP_001648644.1	NODE_373_length_6832_cov_7.828754	53.333	15	7	0	1056	1012	2838	2882	6.6	24.9
YP_001648644.1	NODE_19537_length_1456_cov_138.375829	58.333	12	5	0	98	133	429	464	7.6	27.6
YP_001648644.1	NODE_19537_length_1456_cov_138.375829	56.250	16	7	0	289	336	1350	1397	7.6	25.4
YP_001648644.1	NODE_25408_length_1275_cov_16.380102	40.000	30	18	0	461	550	665	754	8.8	31.3
YP_001648644.1	NODE_21291_length_1397_cov_6.483051	41.667	24	14	0	458	529	1294	1365	8.8	31.3
YP_001648644.1	NODE_5565_length_2567_cov_24.782415	52.174	23	11	0	235	167	151	83	8.8	31.3
YP_001648644.1	NODE_1708_length_4080_cov_118.013062	72.727	11	3	0	617	649	1781	1813	8.8	31.3
YP_001648644.1	NODE_31098_length_1146_cov_9.794651	44.444	27	15	0	1231	1311	104	24	8.8	31.3
YP_001648644.1	NODE_22115_length_1371_cov_5.634434	42.857	28	16	0	1114	1197	754	837	8.8	31.3
YP_001648644.1	NODE_4238_length_2874_cov_9.840360	37.500	32	20	0	1288	1383	1293	1388	8.8	31.3
YP_001648644.1	NODE_22230_length_1367_cov_10.443218	50.000	18	9	0	1019	1072	87	140	9.6	27.2
YP_001648644.1	NODE_22230_length_1367_cov_10.443218	57.143	14	6	0	1065	1106	677	718	9.6	25.4
